geo_code,geo_name,start_year,end_year,regime_code,regime_name,regime_tier,suzerain_code,suzerain_name,suzerain_type,desc
110,关中,-2070,-1600,C1100,夏,1,,,,禹传子启，建立世袭王朝。
110,关中,-1600,-1121,C1110,商,1,,,,商汤灭夏建立。
110,关中,-1200,-1046,R1105,先周,,,,,
110,关中,-1046,-770,C1120,西周,1,,,,周武王牧野之战灭商建立。
110,关中,-770,-221,R1150,秦,2,,,,非子牧马有功受封，逐步崛起。
110,关中,-221,-206,C2100,秦,1,,,,秦始皇灭六国，建立帝制。
110,关中,-206,-202,T2130,西楚,,,,,
110,关中,-202,8,C2110,西汉,1,,,,刘邦在楚汉战争获胜建立。
110,关中,8,23,T2190,新,,,,,王莽篡权建立。
110,关中,23,25,T2105,玄汉,,,,,
110,关中,25,27,T2106,赤眉,,,,,
110,关中,27,190,C2120,东汉,1,,,,刘秀（光武帝）起兵推翻新莽建立。
110,关中,190,196,T3105,董卓,,,,,东汉末年割据军阀。
110,关中,196,265,R3100,曹魏,2,,,,曹丕受汉禅建立，定都洛阳。
110,关中,265,316,C3110,西晋,1,,,,司马炎受魏禅建立，灭吴统一。亡于八王之乱。
110,关中,316,329,Q3615,前赵,,,,,匈奴刘渊借复汉之名起兵称帝。
110,关中,329,350,Q3616,后赵,,,,,羯族石勒灭前赵建立，统一北方。
110,关中,350,394,Q3620,前秦,,,,,氐族苻健称帝，苻坚任用王猛曾统一北方。
110,关中,394,417,Q3521,后秦,,,,,羌族姚苌缢杀苻坚后称帝。
110,关中,417,418,R3220,东晋,2,,,,司马睿（晋元帝）在建康称帝，王马共天下。
110,关中,418,426,N3670,大夏(赫连),,,,,赫连勃勃建立，修筑统万城。
110,关中,426,534,Q3700,北魏,2,,,,鲜卑拓跋珪建国，定都平城，后迁洛阳。
110,关中,534,557,Q3721,西魏,2,,,,宇文泰拥立文帝，权臣专政。
110,关中,557,581,Q3723,北周,2,,,,宇文觉受西魏禅让建立，宇文护掌权。
110,关中,581,618,C4100,隋,1,,,,杨坚受北周禅让建立，灭陈统一全国。
110,关中,618,690,C4110,唐,1,,,,李渊晋阳起兵，受隋禅让建立。
110,关中,690,705,T4190,武周,,,,,武则天代唐称帝，中国唯一女皇。
110,关中,705,756,C4110,唐,1,,,,李渊晋阳起兵，受隋禅让建立。
110,关中,756,757,T4191,大燕,,,,,
110,关中,757,880,C4110,唐,1,,,,李渊晋阳起兵，受隋禅让建立。
110,关中,880,884,T4195,大齐,,,,,
110,关中,884,907,C4110,唐,1,,,,李渊晋阳起兵，受隋禅让建立。
110,关中,907,924,R4125,岐,,,,,
110,关中,924,936,Q4620,后唐,,,,,李存勖以复唐为名灭梁，沙陀族背景。
110,关中,936,947,Q4621,后晋,,,,,石敬瑭割让燕云十六州，借契丹兵建立。
110,关中,947,951,Q4622,后汉,,,,,刘知远在太原称帝，沙陀族背景。
110,关中,951,960,R4123,后周,,,,,郭威（及柴荣）兵变建立，为宋统一奠基。
110,关中,960,1127,C5100,北宋,1,,,,
110,关中,1127,1130,Q5710,金,2,,,,完颜阿骨打起兵抗辽建立。
110,关中,1130,1137,T5191,齐(刘豫),,,,,
110,关中,1137,1234,Q5710,金,2,,,,完颜阿骨打起兵抗辽建立。
110,关中,1234,1271,N5600,蒙古帝国,2,,,,铁木真（成吉思汗）统一蒙古诸部。
110,关中,1271,1368,Q5610,元,1,,,,忽必烈改国号为大元，灭宋统一。
110,关中,1368,1644,C6200,明,1,,,,朱元璋参加红巾军起义，驱逐胡虏建立。
110,关中,1644,1645,T6190,大顺,,,,,李自成在西安称帝，攻占北京。
110,关中,1645,1912,Q6710,清,1,,,,皇太极改国号为清（后金），多尔衮入关。
110,关中,1912,1949,C7200,中华民国,1,,,,辛亥革命推翻清朝，孙中山/袁世凯建立。
110,关中,1949,2025,C7110,中华人民共和国,1,,,,毛泽东领导中共建立，定都北京。
120,河洛,-2070,-1600,C1100,夏,1,,,,禹传子启，建立世袭王朝。
120,河洛,-1600,-1046,C1110,商,1,,,,商汤灭夏建立。
120,河洛,-1046,-770,C1120,西周,1,,,,周武王牧野之战灭商建立。
120,河洛,-770,-249,C1121,东周,,,,,周平王东迁洛邑，王室衰微。
120,河洛,-525,-403,R1140,晋,2,,,,
120,河洛,-403,-230,R1143,韩,,,,,
120,河洛,-249,-221,R1150,秦,2,,,,非子牧马有功受封，逐步崛起。
120,河洛,-221,-206,C2100,秦,1,,,,秦始皇灭六国，建立帝制。
120,河洛,-205,9,C2110,西汉,1,,,,刘邦在楚汉战争获胜建立。
120,河洛,9,23,T2190,新,,,,,王莽篡权建立。
120,河洛,25,190,C2120,东汉,1,,,,刘秀（光武帝）起兵推翻新莽建立。
120,河洛,190,196,T3105,董卓,,,,,东汉末年割据军阀。
120,河洛,196,265,R3100,曹魏,2,,,,曹丕受汉禅建立，定都洛阳。
120,河洛,265,311,C3110,西晋,1,,,,司马炎受魏禅建立，灭吴统一。亡于八王之乱。
120,河洛,311,319,Q3615,前赵,,,,,匈奴刘渊借复汉之名起兵称帝。
120,河洛,319,350,Q3616,后赵,,,,,羯族石勒灭前赵建立，统一北方。
120,河洛,350,352,T3210,冉魏,,,,,冉闵灭后赵建立，颁布杀胡令。
120,河洛,352,370,Q3710,前燕,,,,,鲜卑慕容皝称王，慕容儁称帝入主中原。
120,河洛,370,384,Q3620,前秦,,,,,氐族苻健称帝，苻坚任用王猛曾统一北方。
120,河洛,384,394,Q3711,后燕,,,,,
120,河洛,394,416,Q3521,后秦,,,,,羌族姚苌缢杀苻坚后称帝。
120,河洛,416,422,R3220,东晋,2,,,,司马睿（晋元帝）在建康称帝，王马共天下。
120,河洛,422,534,Q3700,北魏,2,,,,鲜卑拓跋珪建国，定都平城，后迁洛阳。
120,河洛,534,550,Q3720,东魏,2,,,,高欢拥立孝静帝，权臣专政。
120,河洛,550,577,Q3722,北齐,2,,,,高洋受东魏禅让建立，高氏掌权。
120,河洛,577,581,Q3723,北周,2,,,,宇文觉受西魏禅让建立，宇文护掌权。
120,河洛,581,618,C4100,隋,1,,,,杨坚受北周禅让建立，灭陈统一全国。
120,河洛,618,621,T4110,郑(王世充),,,,,
120,河洛,621,690,C4110,唐,1,,,,李渊晋阳起兵，受隋禅让建立。
120,河洛,690,705,T4190,武周,,,,,武则天代唐称帝，中国唯一女皇。
120,河洛,705,898,C4110,唐,1,,,,李渊晋阳起兵，受隋禅让建立。
120,河洛,898,907,R4119,朱温,,,,,
120,河洛,907,923,R4120,后梁,,,,,朱温废唐哀帝建立，定都开封。
120,河洛,923,936,Q4620,后唐,,,,,李存勖以复唐为名灭梁，沙陀族背景。
120,河洛,936,947,Q4621,后晋,,,,,石敬瑭割让燕云十六州，借契丹兵建立。
120,河洛,947,951,Q4622,后汉,,,,,刘知远在太原称帝，沙陀族背景。
120,河洛,951,960,R4123,后周,,,,,郭威（及柴荣）兵变建立，为宋统一奠基。
120,河洛,960,1126,C5100,北宋,1,,,,
120,河洛,1126,1130,Q5710,金,2,,,,完颜阿骨打起兵抗辽建立。
120,河洛,1130,1137,T5191,齐(刘豫),,,,,
120,河洛,1137,1234,Q5710,金,2,,,,完颜阿骨打起兵抗辽建立。
120,河洛,1234,1271,N5600,蒙古帝国,2,,,,忽必烈改国号为大元，灭宋统一。
120,河洛,1271,1368,Q5610,元,1,,,,忽必烈改国号为大元，灭宋统一。
120,河洛,1368,1642,C6200,明,1,,,,朱元璋参加红巾军起义，驱逐胡虏建立。
120,河洛,1642,1645,T6190,大顺,,,,,朱元璋参加红巾军起义，驱逐胡虏建立。
120,河洛,1644,1912,Q6710,清,1,,,,皇太极改国号为清（后金），多尔衮入关。
120,河洛,1912,1949,C7200,中华民国,1,,,,辛亥革命推翻清朝，孙中山/袁世凯建立。
120,河洛,1949,2025,C7110,中华人民共和国,1,,,,毛泽东领导中共建立，定都北京。
130,幽燕,-1300,-1046,C1110,商,1,,,,
130,幽燕,-1046,-770,C1120,西周,1,,,,周武王牧野之战灭商建立。
130,幽燕,-770,-226,R1151,燕,,,,,
130,幽燕,-226,-222,R1150,秦,2,,,,非子牧马有功受封，逐步崛起。
130,幽燕,-222,-209,C2100,秦,1,,,,秦始皇灭六国，建立帝制。
130,幽燕,-209,-202,T2107,燕(秦末),,,,,
130,幽燕,-202,9,C2110,西汉,1,,,,刘邦在楚汉战争获胜建立。
130,幽燕,9,23,T2190,新,,,,,王莽篡权建立。
130,幽燕,25,190,C2120,东汉,1,,,,刘秀（光武帝）起兵推翻新莽建立。
130,幽燕,191,200,T3109,公孙瓒,,,,,
130,幽燕,200,265,R3100,曹魏,2,,,,曹丕受汉禅建立，定都洛阳。
130,幽燕,265,311,C3110,西晋,1,,,,司马炎受魏禅建立，灭吴统一。亡于八王之乱。
130,幽燕,311,350,Q3616,后赵,,,,,羯族石勒灭前赵建立，统一北方。
130,幽燕,350,370,Q3710,前燕,,,,,鲜卑慕容皝称王，慕容儁称帝入主中原。
130,幽燕,370,385,Q3620,前秦,,,,,氐族苻健称帝，苻坚任用王猛曾统一北方。
130,幽燕,385,407,Q3711,后燕,,,,,
130,幽燕,407,534,Q3700,北魏,2,,,,鲜卑拓跋珪建国，定都平城，后迁洛阳。
130,幽燕,534,550,Q3720,东魏,2,,,,高欢拥立孝静帝，权臣专政。
130,幽燕,550,577,Q3722,北齐,2,,,,高洋受东魏禅让建立，高氏掌权。
130,幽燕,577,616,C4100,隋,1,,,,杨坚受北周禅让建立，灭陈统一全国。
130,幽燕,616,619,T4102,幽州(罗艺),,,,,
130,幽燕,619,690,C4110,唐,1,,,,李渊晋阳起兵，受隋禅让建立。
130,幽燕,690,698,T4190,武周,,,,,武则天代唐称帝，中国唯一女皇。
130,幽燕,698,714,N4603,后突厥,,,,,
130,幽燕,703,705,T4190,武周,,,,,武则天代唐称帝，中国唯一女皇。
130,幽燕,705,755,C4110,唐,1,,,,李渊晋阳起兵，受隋禅让建立。
130,幽燕,755,763,T4191,大燕,,,,,
130,幽燕,763,907,C4110,唐,1,,,,李渊晋阳起兵，受隋禅让建立。
130,幽燕,907,913,R4140,燕(刘守光),,,,,
130,幽燕,913,936,Q4620,后唐,,,,,李存勖以复唐为名灭梁，沙陀族背景。
130,幽燕,936,1122,Q5700,辽,2,,,,耶律阿保机统一契丹各部建立。
130,幽燕,1122,1123,Q5701,北辽,,,,,
130,幽燕,1123,1125,C5100,北宋,1,,,,
130,幽燕,1125,1215,Q5710,金,2,,,,完颜阿骨打起兵抗辽建立。
130,幽燕,1215,1271,N5600,蒙古帝国,2,,,,忽必烈改国号为大元，灭宋统一。
130,幽燕,1271,1368,Q5610,元,1,,,,忽必烈改国号为大元，灭宋统一。
130,幽燕,1368,1644,C6200,明,1,,,,朱元璋参加红巾军起义，驱逐胡虏建立。
130,幽燕,1644,1912,Q6710,清,1,,,,皇太极改国号为清（后金），多尔衮入关。
130,幽燕,1912,1937,C7200,中华民国,1,,,,辛亥革命推翻清朝，孙中山/袁世凯建立。
130,幽燕,1937,1945,T7990,汪伪,,,,,汪精卫在南京建立的日本傀儡政权。
130,幽燕,1945,1949,C7200,中华民国,1,,,,辛亥革命推翻清朝，孙中山/袁世凯建立。
130,幽燕,1949,2025,C7110,中华人民共和国,1,,,,毛泽东领导中共建立，定都北京。
140,冀赵,-1465,-1046,C1110,商,1,,,,商汤灭夏建立。
140,冀赵,-1046,-770,C1120,西周,1,,,,周武王牧野之战灭商建立。
140,冀赵,-770,-635,R1138,邢,,,,,
140,冀赵,-661,-403,R1140,晋,2,,,,
140,冀赵,-403,-222,R1141,赵,,,,,
140,冀赵,-403,-225,R1142,魏,,,,,
140,冀赵,-222,-209,C2100,秦,1,,,,秦始皇灭六国，建立帝制。
140,冀赵,-209,-204,T2115,赵(秦末),,,,,
140,冀赵,-204,9,C2110,西汉,1,,,,刘邦在楚汉战争获胜建立。
140,冀赵,9,23,T2190,新,,,,,王莽篡权建立。
140,冀赵,25,191,C2120,东汉,1,,,,刘秀（光武帝）起兵推翻新莽建立。
140,冀赵,191,200,T3106,袁绍,,,,,东汉末年割据军阀。
140,冀赵,200,266,R3100,曹魏,2,,,,曹丕受汉禅建立，定都洛阳。
140,冀赵,266,304,C3110,西晋,1,,,,司马炎受魏禅建立，灭吴统一。亡于八王之乱。
140,冀赵,304,319,Q3615,前赵,,,,,匈奴刘渊借复汉之名起兵称帝。
140,冀赵,319,350,Q3616,后赵,,,,,羯族石勒灭前赵建立，统一北方。
140,冀赵,350,352,T3210,冉魏,,,,,冉闵灭后赵建立，颁布杀胡令。
140,冀赵,352,370,Q3710,前燕,,,,,鲜卑慕容皝称王，慕容儁称帝入主中原。
140,冀赵,370,384,Q3620,前秦,,,,,氐族苻健称帝，苻坚任用王猛曾统一北方。
140,冀赵,384,409,Q3711,后燕,,,,,
140,冀赵,409,534,Q3700,北魏,2,,,,鲜卑拓跋珪建国，定都平城，后迁洛阳。
140,冀赵,534,550,Q3720,东魏,2,,,,高欢拥立孝静帝，权臣专政。
140,冀赵,550,577,Q3722,北齐,2,,,,高洋受东魏禅让建立，高氏掌权。
140,冀赵,577,581,Q3723,北周,2,,,,宇文觉受西魏禅让建立，宇文护掌权。
140,冀赵,581,618,C4100,隋,1,,,,杨坚受北周禅让建立，灭陈统一全国。
140,冀赵,618,621,T4105,大夏(窦建德),,,,,
140,冀赵,621,690,C4110,唐,1,,,,李渊晋阳起兵，受隋禅让建立。
140,冀赵,690,705,T4190,武周,,,,,武则天代唐称帝，中国唯一女皇。
140,冀赵,705,755,C4110,唐,1,,,,李渊晋阳起兵，受隋禅让建立。
140,冀赵,755,763,T4191,大燕,,,,,
140,冀赵,763,907,C4110,唐,1,,,,李渊晋阳起兵，受隋禅让建立。
140,冀赵,907,923,R4120,后梁,,,,,朱温废唐哀帝建立，定都开封。
140,冀赵,923,936,Q4620,后唐,,,,,李存勖以复唐为名灭梁，沙陀族背景。
140,冀赵,936,947,Q4621,后晋,,,,,石敬瑭割让燕云十六州，借契丹兵建立。
140,冀赵,947,951,Q4622,后汉,,,,,刘知远在太原称帝，沙陀族背景。
140,冀赵,951,960,R4123,后周,,,,,郭威（及柴荣）兵变建立，为宋统一奠基。
140,冀赵,960,1126,C5100,北宋,1,,,,
140,冀赵,1126,1215,Q5710,金,2,,,,完颜阿骨打起兵抗辽建立。
140,冀赵,1215,1271,N5600,蒙古帝国,2,,,,铁木真（成吉思汗）统一蒙古诸部。
140,冀赵,1271,1368,Q5610,元,1,,,,忽必烈改国号为大元，灭宋统一。
140,冀赵,1368,1644,C6200,明,1,,,,朱元璋参加红巾军起义，驱逐胡虏建立。
140,冀赵,1644,1912,Q6710,清,1,,,,皇太极改国号为清（后金），多尔衮入关。
140,冀赵,1912,1949,C7200,中华民国,1,,,,辛亥革命推翻清朝，孙中山/袁世凯建立。
140,冀赵,1949,2025,C7110,中华人民共和国,1,,,,毛泽东领导中共建立，定都北京。
150,齐鲁,-1500,-770,N1190,莱夷,,,,,
150,齐鲁,-1465,-1046,C1110,商,1,,,,商汤灭夏建立。
150,齐鲁,-1046,-770,C1120,西周,1,,,,周武王牧野之战灭商建立。
150,齐鲁,-770,-500,N1192,东莱,,,,,
150,齐鲁,-770,-221,R1130,齐,,,,,
150,齐鲁,-770,-256,R1131,鲁,,,,,
150,齐鲁,-256,-224,R1200,楚,2,,,,马殷据湖南建立，向中原称臣。
150,齐鲁,-224,-221,R1150,秦,2,,,,非子牧马有功受封，逐步崛起。
150,齐鲁,-221,-208,C2100,秦,1,,,,秦始皇灭六国，建立帝制。
150,齐鲁,-208,-202,T2108,齐(秦末),,,,,
150,齐鲁,-202,9,C2110,西汉,1,,,,刘邦在楚汉战争获胜建立。
150,齐鲁,9,23,T2190,新,,,,,王莽篡权建立。
150,齐鲁,23,29,F2205,张步,,,,,
150,齐鲁,29,190,C2120,东汉,1,,,,刘秀（光武帝）起兵推翻新莽建立。
150,齐鲁,190,265,R3100,曹魏,2,,,,曹丕受汉禅建立，定都洛阳。
150,齐鲁,265,311,C3110,西晋,1,,,,司马炎受魏禅建立，灭吴统一。亡于八王之乱。
150,齐鲁,311,350,Q3616,后赵,,,,,羯族石勒灭前赵建立，统一北方。
150,齐鲁,350,370,Q3710,前燕,,,,,鲜卑慕容皝称王，慕容儁称帝入主中原。
150,齐鲁,370,384,Q3620,前秦,,,,,氐族苻健称帝，苻坚任用王猛曾统一北方。
150,齐鲁,384,399,Q3711,后燕,,,,,
150,齐鲁,399,410,Q3712,南燕,,,,,慕容德（慕容垂弟）滑台称燕王。
150,齐鲁,410,420,R3220,东晋,2,,,,司马睿（晋元帝）在建康称帝，王马共天下。
150,齐鲁,420,469,R3230,刘宋,2,,,,刘裕北伐立功，受晋禅让建立。
150,齐鲁,469,534,Q3700,北魏,2,,,,鲜卑拓跋珪建国，定都平城，后迁洛阳。
150,齐鲁,534,550,Q3720,东魏,2,,,,高欢拥立孝静帝，权臣专政。
150,齐鲁,550,577,Q3722,北齐,2,,,,高洋受东魏禅让建立，高氏掌权。
150,齐鲁,577,618,C4100,隋,1,,,,杨坚受北周禅让建立，灭陈统一全国。
150,齐鲁,618,690,C4110,唐,1,,,,李渊晋阳起兵，受隋禅让建立。
150,齐鲁,690,705,T4190,武周,,,,,武则天代唐称帝，中国唯一女皇。
150,齐鲁,705,755,C4110,唐,1,,,,李渊晋阳起兵，受隋禅让建立。
150,齐鲁,755,819,R4145,平卢镇,,,,,
150,齐鲁,819,897,C4110,唐,1,,,,李渊晋阳起兵，受隋禅让建立。
150,齐鲁,897,907,R4119,朱温,,,,,
150,齐鲁,907,923,R4120,后梁,,,,,朱温废唐哀帝建立，定都开封。
150,齐鲁,923,937,Q4620,后唐,,,,,李存勖以复唐为名灭梁，沙陀族背景。
150,齐鲁,937,947,Q4621,后晋,,,,,石敬瑭割让燕云十六州，借契丹兵建立。
150,齐鲁,947,951,Q4622,后汉,,,,,刘知远在太原称帝，沙陀族背景。
150,齐鲁,951,960,R4123,后周,,,,,郭威（及柴荣）兵变建立，为宋统一奠基。
150,齐鲁,960,1126,C5100,北宋,1,,,,
150,齐鲁,1126,1137,T5191,齐(刘豫),,,,,
150,齐鲁,1137,1214,Q5710,金,2,,,,完颜阿骨打起兵抗辽建立。
150,齐鲁,1214,1234,R5195,红袄军,,,,,
150,齐鲁,1234,1271,N5600,蒙古帝国,2,,,,铁木真（成吉思汗）统一蒙古诸部。
150,齐鲁,1271,1368,Q5610,元,1,,,,忽必烈改国号为大元，灭宋统一。
150,齐鲁,1368,1644,C6200,明,1,,,,朱元璋参加红巾军起义，驱逐胡虏建立。
150,齐鲁,1644,1912,Q6710,清,1,,,,皇太极改国号为清（后金），多尔衮入关。
150,齐鲁,1912,1938,C7200,中华民国,1,,,,辛亥革命推翻清朝，孙中山/袁世凯建立。
150,齐鲁,1938,1945,T7990,汪伪,,,,,汪精卫在南京建立的日本傀儡政权。
150,齐鲁,1945,1949,C7200,中华民国,1,,,,辛亥革命推翻清朝，孙中山/袁世凯建立。
150,齐鲁,1949,2025,C7110,中华人民共和国,1,,,,毛泽东领导中共建立，定都北京。
160,河东,-1500,-1046,C1110,商,1,,,,商汤灭夏建立。
160,河东,-1500,-1046,N1630,鬼方,,,,,
160,河东,-1046,-770,C1120,西周,1,,,,周武王牧野之战灭商建立。
160,河东,-770,-403,R1140,晋,2,,,,
160,河东,-403,-234,R1141,赵,,,,,
160,河东,-403,-254,R1142,魏,,,,,
160,河东,-403,-247,R1143,韩,,,,,
160,河东,-322,-221,R1150,秦,2,,,,非子牧马有功受封，逐步崛起。
160,河东,-221,-206,C2100,秦,1,,,,秦始皇灭六国，建立帝制。
160,河东,-206,-205,T2109,代/西魏(秦末),,,,,
160,河东,-205,9,C2110,西汉,1,,,,刘邦在楚汉战争获胜建立。
160,河东,9,23,T2190,新,,,,,王莽篡权建立。
160,河东,25,199,C2120,东汉,1,,,,刘秀（光武帝）起兵推翻新莽建立。
160,河东,199,202,T3106,袁绍,,,,,东汉末年割据军阀。
160,河东,202,204,T3107,高干,,,,,
160,河东,204,266,R3100,曹魏,2,,,,曹丕受汉禅建立，定都洛阳。
160,河东,266,304,C3110,西晋,1,,,,司马炎受魏禅建立，灭吴统一。亡于八王之乱。
160,河东,304,319,Q3615,前赵,,,,,匈奴刘渊借复汉之名起兵称帝。
160,河东,319,350,Q3616,后赵,,,,,羯族石勒灭前赵建立，统一北方。
160,河东,350,370,Q3710,前燕,,,,,鲜卑慕容皝称王，慕容儁称帝入主中原。
160,河东,370,386,Q3620,前秦,,,,,氐族苻健称帝，苻坚任用王猛曾统一北方。
160,河东,386,534,Q3700,北魏,2,,,,鲜卑拓跋珪建国，定都平城，后迁洛阳。
160,河东,534,550,Q3720,东魏,2,,,,高欢拥立孝静帝，权臣专政。
160,河东,550,577,Q3722,北齐,2,,,,高洋受东魏禅让建立，高氏掌权。
160,河东,577,617,C4100,隋,1,,,,杨坚受北周禅让建立，灭陈统一全国。
160,河东,617,690,C4110,唐,1,,,,李渊晋阳起兵，受隋禅让建立。
160,河东,690,705,T4190,武周,,,,,武则天代唐称帝，中国唯一女皇。
160,河东,705,907,C4110,唐,1,,,,李渊晋阳起兵，受隋禅让建立。
160,河东,907,923,Q4515,前晋,,,,,
160,河东,923,936,Q4620,后唐,,,,,李存勖以复唐为名灭梁，沙陀族背景。
160,河东,936,947,Q4621,后晋,,,,,石敬瑭割让燕云十六州，借契丹兵建立。
160,河东,947,951,Q4622,后汉,,,,,刘知远在太原称帝，沙陀族背景。
160,河东,951,979,Q4660,北汉,,,,,刘崇在太原建立，依附契丹。
160,河东,979,1126,C5100,北宋,1,,,,
160,河东,1126,1234,Q5710,金,2,,,,完颜阿骨打起兵抗辽建立。
160,河东,1234,1271,N5600,蒙古帝国,2,,,,铁木真（成吉思汗）统一蒙古诸部。
160,河东,1271,1368,Q5610,元,1,,,,忽必烈改国号为大元，灭宋统一。
160,河东,1368,1644,C6200,明,1,,,,朱元璋参加红巾军起义，驱逐胡虏建立。
160,河东,1644,1912,Q6710,清,1,,,,皇太极改国号为清（后金），多尔衮入关。
160,河东,1912,1949,C7200,中华民国,1,,,,辛亥革命推翻清朝，孙中山/袁世凯建立。
160,河东,1949,2025,C7110,中华人民共和国,1,,,,毛泽东领导中共建立，定都北京。
170,河西,-1500,-500,N1505,西戎诸部,,,,,
170,河西,-500,-176,N1510,月氏,,,,,
170,河西,-500,-176,N2500,乌孙,,,,,
170,河西,-176,-121,N1600,匈奴,,,,,冒顿单于杀父自立，统一草原。
170,河西,-121,9,C2110,西汉,1,,,,刘邦在楚汉战争获胜建立。
170,河西,9,23,T2190,新,,,,,王莽篡权建立。
170,河西,23,29,R2206,窦融,,,,,
170,河西,29,184,C2120,东汉,1,,,,刘秀（光武帝）起兵推翻新莽建立。
170,河西,184,214,T3108,凉州军阀,,,,,
170,河西,214,265,R3100,曹魏,2,,,,曹丕受汉禅建立，定都洛阳。
170,河西,265,301,C3110,西晋,1,,,,司马炎受魏禅建立，灭吴统一。亡于八王之乱。
170,河西,301,376,R3160,前凉,,,,,张轨受封凉州，世袭张氏保境安民。
170,河西,376,386,Q3620,前秦,,,,,氐族苻健称帝，苻坚任用王猛曾统一北方。
170,河西,386,403,Q3510,后凉,,,,,吕光据凉州称天王。
170,河西,398,439,R3560,北凉,,,,,沮渠蒙逊建立，推翻段业。
170,河西,401,420,R3565,西凉,,,,,李暠建立，自称陇西李氏。
170,河西,439,534,Q3700,北魏,2,,,,鲜卑拓跋珪建国，定都平城，后迁洛阳。
170,河西,534,557,Q3721,西魏,2,,,,宇文泰拥立文帝，权臣专政。
170,河西,557,581,Q3723,北周,2,,,,宇文觉受西魏禅让建立，宇文护掌权。
170,河西,581,618,C4100,隋,1,,,,杨坚受北周禅让建立，灭陈统一全国。
170,河西,618,619,R4146,大凉(李轨),,,,,
170,河西,619,690,C4110,唐,1,,,,李渊晋阳起兵，受隋禅让建立。
170,河西,690,705,T4190,武周,,,,,武则天代唐称帝，中国唯一女皇。
170,河西,705,764,C4110,唐,1,,,,李渊晋阳起兵，受隋禅让建立。
170,河西,764,848,F4400,吐蕃,2,,,,
170,河西,848,1036,T4196,归义军,,,,,
170,河西,1036,1227,F5500,西夏,2,,,,李元昊称帝，党项族政权。
170,河西,1227,1271,N5600,蒙古帝国,2,,,,铁木真（成吉思汗）统一蒙古诸部。
170,河西,1271,1368,Q5610,元,1,,,,忽必烈改国号为大元，灭宋统一。
170,河西,1368,1644,C6200,明,1,,,,朱元璋参加红巾军起义，驱逐胡虏建立。
170,河西,1644,1912,Q6710,清,1,,,,皇太极改国号为清（后金），多尔衮入关。
170,河西,1912,1949,R7260,马家军,,,,,
170,河西,1949,2025,C7110,中华人民共和国,1,,,,毛泽东领导中共建立，定都北京。
180,河套,-1465,-1045,N1625,北羌/古方,,,,,
180,河套,-1045,-302,N1620,林胡/楼烦/河宗氏,,,,,
180,河套,-307,-234,R1141,赵,,,,,
180,河套,-234,-221,R1150,秦,2,,,,非子牧马有功受封，逐步崛起。
180,河套,-221,-209,C2100,秦,1,,,,秦始皇灭六国，建立帝制。
180,河套,-234,-127,N1600,匈奴,,,,,冒顿单于杀父自立，统一草原。
180,河套,-127,9,C2110,西汉,1,,,,刘邦在楚汉战争获胜建立。
180,河套,9,23,T2190,新,,,,,王莽篡权建立。
180,河套,24,36,T2192,卢芳,,,,,冒顿单于杀父自立，统一草原。
180,河套,30,188,C2120,东汉,1,,,,刘秀（光武帝）起兵推翻新莽建立。
180,河套,188,216,N2602,南匈奴,,,,,
180,河套,188,317,N2603,羌胡,,,,,
180,河套,318,341,N3720,代,,,,,
180,河套,341,350,Q3616,后赵,,,,,羯族石勒灭前赵建立，统一北方。
180,河套,350,356,T3601,铁弗匈奴,,,,,
180,河套,356,365,N3720,代,,,,,
180,河套,365,391,Q3620,前秦,,,,,氐族苻健称帝，苻坚任用王猛曾统一北方。
180,河套,391,407,Q3700,北魏,2,,,,鲜卑拓跋珪建国，定都平城，后迁洛阳。
180,河套,407,427,N3670,大夏(赫连),,,,,赫连勃勃建立，修筑统万城。
180,河套,427,534,Q3700,北魏,2,,,,鲜卑拓跋珪建国，定都平城，后迁洛阳。
180,河套,534,557,Q3721,西魏,2,,,,宇文泰拥立文帝，权臣专政。
180,河套,557,581,Q3723,北周,2,,,,宇文觉受西魏禅让建立，宇文护掌权。
180,河套,581,618,C4100,隋,1,,,,杨坚受北周禅让建立，灭陈统一全国。
180,河套,618,690,C4110,唐,1,,,,李渊晋阳起兵，受隋禅让建立。
180,河套,690,705,T4190,武周,,,,,武则天代唐称帝，中国唯一女皇。
180,河套,705,907,C4110,唐,1,,,,李渊晋阳起兵，受隋禅让建立。
180,河套,618,628,R4147,梁师都,,,,,
180,河套,763,840,F4400,吐蕃,2,,,,
180,河套,907,924,R4120,后梁,,,,,朱温废唐哀帝建立，定都开封。
180,河套,924,937,Q4620,后唐,,,,,李存勖以复唐为名灭梁，沙陀族背景。
180,河套,937,947,Q4621,后晋,,,,,石敬瑭割让燕云十六州，借契丹兵建立。
180,河套,947,951,Q4622,后汉,,,,,刘知远在太原称帝，沙陀族背景。
180,河套,951,960,R4123,后周,,,,,郭威（及柴荣）兵变建立，为宋统一奠基。
180,河套,960,1003,C5100,北宋,1,,,,
180,河套,881,1038,T4197,定难军,,,,,
180,河套,1038,1227,F5500,西夏,2,,,,李元昊称帝，党项族政权。
180,河套,1227,1271,N5600,蒙古帝国,2,,,,铁木真（成吉思汗）统一蒙古诸部。
180,河套,1271,1368,Q5610,元,1,,,,忽必烈改国号为大元，灭宋统一。
180,河套,1368,1644,C6200,明,1,,,,朱元璋参加红巾军起义，驱逐胡虏建立。
180,河套,1438,1635,N6610,鞑靼,,,,,
180,河套,1635,1912,Q6710,清,1,,,,皇太极改国号为清（后金），多尔衮入关。
180,河套,1912,1949,C7200,中华民国,1,,,,辛亥革命推翻清朝，孙中山/袁世凯建立。
180,河套,1949,2025,C7110,中华人民共和国,1,,,,毛泽东领导中共建立，定都北京。
190,徐淮,-1500,-1046,N1193,人方,,,,,
190,徐淮,-1066,-1046,C1110,商,1,,,,商汤灭夏建立。
190,徐淮,-1046,-1007,R1165,徐,,,,,
190,徐淮,-1007,-770,C1120,西周,1,,,,周武王牧野之战灭商建立。
190,徐淮,-779,-584,N1194,淮夷,,,,,
190,徐淮,-770,-512,R1165,徐,,,,,
190,徐淮,-770,-286,R1166,宋,,,,,
190,徐淮,-512,-473,R1210,吴,2,,,,
190,徐淮,-473,-306,R1220,越,2,,,,
190,徐淮,-473,-224,R1200,楚,2,,,,马殷据湖南建立，向中原称臣。
190,徐淮,-223,-208,C2100,秦,1,,,,秦始皇灭六国，建立帝制。
190,徐淮,-208,-202,T2130,西楚,,,,,
190,徐淮,-202,9,C2110,西汉,1,,,,刘邦在楚汉战争获胜建立。
190,徐淮,9,23,T2190,新,,,,,王莽篡权建立。
190,徐淮,25,195,C2120,东汉,1,,,,刘秀（光武帝）起兵推翻新莽建立。
190,徐淮,197,199,T2195,袁术,,,,,
190,徐淮,200,265,R3100,曹魏,2,,,,曹丕受汉禅建立，定都洛阳。
190,徐淮,265,311,C3110,西晋,1,,,,司马炎受魏禅建立，灭吴统一。亡于八王之乱。
190,徐淮,311,350,Q3616,后赵,,,,,羯族石勒灭前赵建立，统一北方。
190,徐淮,350,370,Q3710,前燕,,,,,鲜卑慕容皝称王，慕容儁称帝入主中原。
190,徐淮,370,383,Q3620,前秦,,,,,氐族苻健称帝，苻坚任用王猛曾统一北方。
190,徐淮,383,420,R3220,东晋,2,,,,司马睿（晋元帝）在建康称帝，王马共天下。
190,徐淮,420,466,R3230,刘宋,2,,,,刘裕北伐立功，受晋禅让建立。
190,徐淮,466,534,Q3700,北魏,2,,,,鲜卑拓跋珪建国，定都平城，后迁洛阳。
190,徐淮,534,550,Q3720,东魏,2,,,,
190,徐淮,550,577,Q3722,北齐,2,,,,高洋受东魏禅让建立，高氏掌权。
190,徐淮,577,581,Q3723,北周,2,,,,宇文觉受西魏禅让建立，宇文护掌权。
190,徐淮,581,618,C4100,隋,1,,,,杨坚受北周禅让建立，灭陈统一全国。
190,徐淮,618,690,C4110,唐,1,,,,李渊晋阳起兵，受隋禅让建立。
190,徐淮,690,705,T4190,武周,,,,,武则天代唐称帝，中国唯一女皇。
190,徐淮,705,887,C4110,唐,1,,,,李渊晋阳起兵，受隋禅让建立。
190,徐淮,887,907,R4119,朱温,,,,,
190,徐淮,907,923,R4120,后梁,,,,,朱温废唐哀帝建立，定都开封。
190,徐淮,923,937,Q4620,后唐,,,,,李存勖以复唐为名灭梁，沙陀族背景。
190,徐淮,937,947,Q4621,后晋,,,,,石敬瑭割让燕云十六州，借契丹兵建立。
190,徐淮,947,951,Q4622,后汉,,,,,刘知远在太原称帝，沙陀族背景。
190,徐淮,951,958,R4123,后周,,,,,郭威（及柴荣）兵变建立，为宋统一奠基。
190,徐淮,960,1128,C5100,北宋,1,,,,赵匡胤陈桥兵变建立。
190,徐淮,1128,1234,Q5710,金,2,,,,完颜阿骨打起兵抗辽建立。
190,徐淮,1234,1271,N5600,蒙古帝国,2,,,,铁木真（成吉思汗）统一蒙古诸部。
190,徐淮,1271,1368,Q5610,元,1,,,,忽必烈改国号为大元，灭宋统一。
190,徐淮,1368,1644,C6200,明,1,,,,朱元璋参加红巾军起义，驱逐胡虏建立。
190,徐淮,1644,1645,R6210,南明,,,,,
190,徐淮,1645,1912,Q6710,清,1,,,,皇太极改国号为清，多尔衮入关。
190,徐淮,1912,1949,C7200,中华民国,1,,,,辛亥革命推翻清朝，孙中山/袁世凯建立。
190,徐淮,1949,2025,C7110,中华人民共和国,1,,,,毛泽东领导中共建立，定都北京。
210,吴地,-1150,-1007,R1210,吴,2,,,,
210,吴地,-1007,-650,R1220,越,2,,,,
210,吴地,-770,-473,R1210,吴,2,,,,
210,吴地,-473,-306,R1220,越,2,,,,
210,吴地,-306,-223,R1200,楚,2,,,,马殷据湖南建立，向中原称臣。
210,吴地,-223,-209,C2100,秦,1,,,,秦始皇灭六国，建立帝制。
210,吴地,-209,-202,T2130,西楚,,,,,
210,吴地,-202,9,C2110,西汉,1,,,,刘邦在楚汉战争获胜建立。
210,吴地,9,23,T2190,新,,,,,王莽篡权建立。
210,吴地,23,195,C2120,东汉,1,,,,刘秀（光武帝）起兵推翻新莽建立。
210,吴地,195,280,R3210,孙吴,2,,,,孙权称帝，定都建业，据长江天险。
210,吴地,280,317,C3110,西晋,1,,,,司马炎受魏禅建立，灭吴统一。
210,吴地,317,420,R3220,东晋,2,,,,司马睿（晋元帝）在建康称帝，王马共天下。
210,吴地,420,479,R3230,刘宋,2,,,,刘裕北伐立功，受晋禅让建立。
210,吴地,479,502,R3231,南齐,2,,,,萧道成受宋禅让建立。
210,吴地,502,557,R3232,南梁,2,,,,萧衍（梁武帝）代齐建立，推崇佛教。
210,吴地,557,589,R3233,南陈,2,,,,陈霸先平定侯景之乱，受禅建立。
210,吴地,589,618,C4100,隋,1,,,,杨坚受北周禅让建立，灭陈统一全国。
210,吴地,618,624,R4148,江淮军,,,,,
210,吴地,624,690,C4110,唐,1,,,,李渊晋阳起兵，受隋禅让建立。
210,吴地,690,705,T4190,武周,,,,,武则天代唐称帝，中国唯一女皇。
210,吴地,705,902,C4110,唐,1,,,,李渊晋阳起兵，受隋禅让建立。
210,吴地,902,937,R4205,杨吴,,,,,杨行密据淮南建立。
210,吴地,937,975,R4200,南唐,,,,,李昪（徐知诰）受禅建立，自称唐室后裔。
210,吴地,975,1127,C5100,北宋,1,,,,赵匡胤陈桥兵变建立。
210,吴地,1127,1276,R5110,南宋,2,,,,赵构在应天府称帝，定都临安。
210,吴地,1276,1356,Q5610,元,1,,,,忽必烈改国号为大元，灭宋统一。
210,吴地,1356,1368,R6195,吴(朱元璋),,,,,
210,吴地,1368,1644,C6200,明,1,,,,朱元璋参加红巾军起义，驱逐胡虏建立。
210,吴地,1644,1645,R6210,南明,,,,,
210,吴地,1645,1853,Q6710,清,1,,,,皇太极改国号为清，多尔衮入关。
210,吴地,1853,1864,T6395,太平天国,,,,,
210,吴地,1864,1912,Q6710,清,1,,,,皇太极改国号为清，多尔衮入关。
210,吴地,1912,1937,C7200,中华民国,1,,,,辛亥革命推翻清朝，孙中山/袁世凯建立。
210,吴地,1912,1927,T7100,北洋军阀,,,,,
210,吴地,1937,1945,T7990,汪伪,,,,,日本扶植的傀儡政权。
210,吴地,1945,1949,C7200,中华民国,1,,,,辛亥革命推翻清朝，孙中山/袁世凯建立。
210,吴地,1949,2025,C7110,中华人民共和国,1,,,,毛泽东领导中共建立，定都北京。
220,越地,-1200,-494,R1220,越,2,,,,
220,越地,-494,-489,R1210,吴,2,,,,
220,越地,-489,-306,R1220,越,2,,,,
220,越地,-306,-222,R1280,东瓯,,,,,
220,越地,-306,-222,R1200,楚,2,,,,马殷据湖南建立，向中原称臣。
220,越地,-222,-202,C2100,秦,1,,,,秦始皇灭六国，建立帝制。
220,越地,-202,9,C2110,西汉,1,,,,刘邦在楚汉战争获胜建立。
220,越地,-202,-138,R1280,东瓯,,,,,
220,越地,-138,-110,F2340,闽越,,,,,
220,越地,9,23,T2190,新,,,,,王莽篡权建立。
220,越地,23,195,C2120,东汉,1,,,,刘秀（光武帝）起兵推翻新莽建立。
220,越地,195,280,R3210,孙吴,2,,,,孙权称帝，定都建业，据长江天险。
220,越地,280,317,C3110,西晋,1,,,,司马炎受魏禅建立，灭吴统一。
220,越地,317,420,R3220,东晋,2,,,,司马睿（晋元帝）在建康称帝，王马共天下。
220,越地,420,479,R3230,刘宋,2,,,,刘裕北伐立功，受晋禅让建立。
220,越地,479,502,R3231,南齐,2,,,,萧道成受宋禅让建立。
220,越地,502,557,R3232,南梁,2,,,,萧衍（梁武帝）代齐建立，推崇佛教。
220,越地,557,589,R3233,南陈,2,,,,陈霸先平定侯景之乱，受禅建立。
220,越地,589,618,C4100,隋,1,,,,杨坚受北周禅让建立，灭陈统一全国。
220,越地,618,690,C4110,唐,1,,,,李渊晋阳起兵，受隋禅让建立。
220,越地,690,705,T4190,武周,,,,,武则天代唐称帝，中国唯一女皇。
220,越地,705,893,C4110,唐,1,,,,李渊晋阳起兵，受隋禅让建立。
220,越地,887,907,R4210,董昌/钱镠,,,,,
220,越地,907,978,R4210,吴越,,,,,钱镠建立，保境安民，纳土归宋。
220,越地,978,1129,C5100,北宋,1,,,,赵匡胤陈桥兵变建立。
220,越地,1129,1276,R5110,南宋,2,,,,赵构在应天府称帝，定都临安。
220,越地,1276,1368,Q5610,元,1,,,,忽必烈改国号为大元，灭宋统一。
220,越地,1356,1367,R6198,张士诚/方国珍,,,,,
220,越地,1368,1644,C6200,明,1,,,,朱元璋参加红巾军起义，驱逐胡虏建立。
220,越地,1644,1646,R6210,南明,,,,,
220,越地,1646,1912,Q6710,清,1,,,,皇太极改国号为清，多尔衮入关。
220,越地,1912,1949,C7200,中华民国,1,,,,辛亥革命推翻清朝，孙中山/袁世凯建立。
220,越地,1949,2025,C7110,中华人民共和国,1,,,,毛泽东领导中共建立，定都北京。
230,江淮,-1500,-1007,N1194,淮夷,,,,,
230,江淮,-1500,-1007,N1195,群舒,,,,,
230,江淮,-1465,-1350,C1110,商,1,,,,商汤灭夏建立。
230,江淮,-1007,-770,C1120,西周,1,,,,周武王牧野之战灭商建立。
230,江淮,-899,-584,N1194,淮夷,,,,,
230,江淮,-580,-223,R1200,楚,2,,,,马殷据湖南建立，向中原称臣。
230,江淮,-584,-473,R1210,吴,2,,,,
230,江淮,-473,-306,R1220,越,2,,,,
230,江淮,-223,-209,C2100,秦,1,,,,秦始皇灭六国，建立帝制。
230,江淮,-209,-196,T2130,西楚,,,,,
230,江淮,-196,9,C2110,西汉,1,,,,刘邦在楚汉战争获胜建立。
230,江淮,9,23,T2190,新,,,,,王莽篡权建立。
230,江淮,23,197,C2120,东汉,1,,,,刘秀（光武帝）起兵推翻新莽建立。
230,江淮,197,199,T2195,袁术,,,,,
230,江淮,199,265,R3100,曹魏,2,,,,曹丕受汉禅建立，定都洛阳。
230,江淮,265,317,C3110,西晋,1,,,,司马炎受魏禅建立，灭吴统一。
230,江淮,317,420,R3220,东晋,2,,,,司马睿（晋元帝）在建康称帝，王马共天下。
230,江淮,420,479,R3230,刘宋,2,,,,刘裕北伐立功，受晋禅让建立。
230,江淮,479,502,R3231,南齐,2,,,,萧道成受宋禅让建立。
230,江淮,502,556,R3232,南梁,2,,,,萧衍（梁武帝）代齐建立，推崇佛教。
230,江淮,556,573,Q3722,北齐,2,,,,高洋受东魏禅让建立，高氏掌权。
230,江淮,573,579,R3233,南陈,2,,,,陈霸先平定侯景之乱，受禅建立。
230,江淮,579,581,Q3723,北周,2,,,,宇文觉受西魏禅让建立，宇文护掌权。
230,江淮,581,618,C4100,隋,1,,,,杨坚受北周禅让建立，灭陈统一全国。
230,江淮,618,690,C4110,唐,1,,,,李渊晋阳起兵，受隋禅让建立。
230,江淮,690,705,T4190,武周,,,,,武则天代唐称帝，中国唯一女皇。
230,江淮,705,902,C4110,唐,1,,,,李渊晋阳起兵，受隋禅让建立。
230,江淮,887,937,R4205,杨吴,,,,,杨行密据淮南建立。
230,江淮,937,958,R4200,南唐,,,,,李昪（徐知诰）受禅建立，自称唐室后裔。
230,江淮,958,960,R4123,后周,,,,,郭威（及柴荣）兵变建立，为宋统一奠基。
230,江淮,960,1127,C5100,北宋,1,,,,赵匡胤陈桥兵变建立。
230,江淮,1127,1276,R5110,南宋,2,,,,赵构在应天府称帝，定都临安。
230,江淮,1276,1368,Q5610,元,1,,,,忽必烈改国号为大元，灭宋统一。
230,江淮,1368,1644,C6200,明,1,,,,朱元璋参加红巾军起义，驱逐胡虏建立。
230,江淮,1644,1645,R6210,南明,,,,,
230,江淮,1645,1912,Q6710,清,1,,,,皇太极改国号为清，多尔衮入关。
230,江淮,1912,1949,C7200,中华民国,1,,,,辛亥革命推翻清朝，孙中山/袁世凯建立。
230,江淮,1949,2025,C7110,中华人民共和国,1,,,,毛泽东领导中共建立，定都北京。
240,江西,-1045,-569,N1540,干越,,,,,
240,江西,-569,-477,R1210,吴,2,,,,
240,江西,-518,-494,R1220,越,2,,,,
240,江西,-518,-504,R1200,楚,2,,,,马殷据湖南建立，向中原称臣。
240,江西,-477,-334,R1220,越,2,,,,
240,江西,-477,-222,R1200,楚,2,,,,马殷据湖南建立，向中原称臣。
240,江西,-222,-206,C2100,秦,1,,,,秦始皇灭六国，建立帝制。
240,江西,-206,-203,T2130,西楚,,,,,
240,江西,-202,9,C2110,西汉,1,,,,刘邦在楚汉战争获胜建立。
240,江西,9,23,T2190,新,,,,,王莽篡权建立。
240,江西,27,195,C2120,东汉,1,,,,刘秀（光武帝）起兵推翻新莽建立。
240,江西,195,280,R3210,孙吴,2,,,,孙权称帝，定都建业，据长江天险。
240,江西,280,316,C3110,西晋,1,,,,司马炎受魏禅建立，灭吴统一。
240,江西,316,420,R3220,东晋,2,,,,司马睿（晋元帝）在建康称帝，王马共天下。
240,江西,420,479,R3230,刘宋,2,,,,刘裕北伐立功，受晋禅让建立。
240,江西,479,502,R3231,南齐,2,,,,萧道成受宋禅让建立。
240,江西,502,557,R3232,南梁,2,,,,萧衍（梁武帝）代齐建立，推崇佛教。
240,江西,557,589,R3233,南陈,2,,,,陈霸先平定侯景之乱，受禅建立。
240,江西,589,617,C4100,隋,1,,,,杨坚受北周禅让建立，灭陈统一全国。
240,江西,617,622,R4149,楚(林士弘),,,,,
240,江西,622,690,C4110,唐,1,,,,李渊晋阳起兵，受隋禅让建立。
240,江西,690,705,T4190,武周,,,,,武则天代唐称帝，中国唯一女皇。
240,江西,705,906,C4110,唐,1,,,,李渊晋阳起兵，受隋禅让建立。
240,江西,906,937,R4205,杨吴,,,,,杨行密据淮南建立。
240,江西,937,975,R4200,南唐,,,,,李昪（徐知诰）受禅建立，自称唐室后裔。
240,江西,975,1127,C5100,北宋,1,,,,赵匡胤陈桥兵变建立。
240,江西,1127,1276,R5110,南宋,2,,,,赵构在应天府称帝，定都临安。
240,江西,1276,1368,Q5610,元,1,,,,忽必烈改国号为大元，灭宋统一。
240,江西,1368,1644,C6200,明,1,,,,朱元璋参加红巾军起义，驱逐胡虏建立。
240,江西,1644,1646,R6210,南明,,,,,
240,江西,1646,1912,Q6710,清,1,,,,皇太极改国号为清，多尔衮入关。
240,江西,1912,1949,C7200,中华民国,1,,,,辛亥革命推翻清朝，孙中山/袁世凯建立。
240,江西,1949,2025,C7110,中华人民共和国,1,,,,毛泽东领导中共建立，定都北京。
250,两湖,-1500,-1350,C1110,商,1,,,,商汤灭夏建立。
250,两湖,-1350,-983,N1210,虎方,,,,,
250,两湖,-1046,-770,C1120,西周,1,,,,周武王牧野之战灭商建立。
250,两湖,-983,-222,R1200,楚,2,,,,马殷据湖南建立，向中原称臣。
250,两湖,-278,-221,R1150,秦,2,,,,非子牧马有功受封，逐步崛起。
250,两湖,-221,-206,C2100,秦,1,,,,秦始皇灭六国，建立帝制。
250,两湖,-206,-202,T2130,西楚,,,,,
250,两湖,-202,9,C2110,西汉,1,,,,刘邦在楚汉战争获胜建立。
250,两湖,9,23,T2190,新,,,,,王莽篡权建立。
250,两湖,27,191,C2120,东汉,1,,,,刘秀（光武帝）起兵推翻新莽建立。
250,两湖,191,208,R3205,刘表,,,,,东汉末年割据军阀。
250,两湖,208,219,R3200,蜀汉,2,,,,刘备以汉室宗亲身份称帝，定都成都。
250,两湖,219,280,R3210,孙吴,2,,,,孙权称帝，定都建业，据长江天险。
250,两湖,280,304,C3110,西晋,1,,,,司马炎受魏禅建立，灭吴统一。
250,两湖,304,400,R3220,东晋,2,,,,司马睿（晋元帝）在建康称帝，王马共天下。
250,两湖,400,404,T3290,桓楚,,,,,
250,两湖,404,420,R3220,东晋,2,,,,司马睿（晋元帝）在建康称帝，王马共天下。
250,两湖,420,479,R3230,刘宋,2,,,,刘裕北伐立功，受晋禅让建立。
250,两湖,479,502,R3231,南齐,2,,,,萧道成受宋禅让建立。
250,两湖,502,557,R3232,南梁,2,,,,萧衍（梁武帝）代齐建立，推崇佛教。
250,两湖,557,589,R3233,南陈,2,,,,陈霸先平定侯景之乱，受禅建立。
250,两湖,589,617,C4100,隋,1,,,,杨坚受北周禅让建立，灭陈统一全国。
250,两湖,617,621,R4150,梁(萧铣),,,,,
250,两湖,621,690,C4110,唐,1,,,,李渊晋阳起兵，受隋禅让建立。
250,两湖,690,705,T4190,武周,,,,,武则天代唐称帝，中国唯一女皇。
250,两湖,705,907,C4110,唐,1,,,,李渊晋阳起兵，受隋禅让建立。
250,两湖,907,963,R4225,荆南,,,,,
250,两湖,907,951,R4220,马楚,,,,,
250,两湖,951,963,R4200,南唐,,,,,李昪（徐知诰）受禅建立，自称唐室后裔。
250,两湖,963,1127,C5100,北宋,1,,,,赵匡胤陈桥兵变建立。
250,两湖,1127,1276,R5110,南宋,2,,,,赵构在应天府称帝，定都临安。
250,两湖,1276,1368,Q5610,元,1,,,,忽必烈改国号为大元，灭宋统一。
250,两湖,1364,1368,R6196,汉(陈友谅),,,,,
250,两湖,1368,1644,C6200,明,1,,,,朱元璋参加红巾军起义，驱逐胡虏建立。
250,两湖,1644,1645,T6190,大顺,,,,,
250,两湖,1645,1912,Q6710,清,1,,,,皇太极改国号为清，多尔衮入关。
250,两湖,1912,1926,T7100,北洋军阀,,,,,
250,两湖,1926,1949,C7200,中华民国,1,,,,辛亥革命推翻清朝，孙中山/袁世凯建立。
250,两湖,1949,2025,C7110,中华人民共和国,1,,,,毛泽东领导中共建立，定都北京。
260,巴蜀,-1750,-316,F1200,蜀,,,,,
260,巴蜀,-1300,-316,F1210,巴,,,,,
260,巴蜀,-316,-221,R1150,秦,2,,,,非子牧马有功受封，逐步崛起。
260,巴蜀,-221,-206,C2100,秦,1,,,,秦始皇灭六国，建立帝制。
260,巴蜀,-206,9,C2110,西汉,1,,,,刘邦在楚汉战争获胜建立。
260,巴蜀,9,23,T2190,新,,,,,王莽篡权建立。
260,巴蜀,23,36,R2200,成家,,,,,
260,巴蜀,36,190,C2120,东汉,1,,,,刘秀（光武帝）起兵推翻新莽建立。
260,巴蜀,190,214,R3201,刘焉/刘璋,,,,,
260,巴蜀,214,263,R3200,蜀汉,2,,,,刘备以汉室宗亲身份称帝，定都成都。
260,巴蜀,263,266,R3100,曹魏,2,,,,曹丕受汉禅建立，定都洛阳。
260,巴蜀,266,315,C3110,西晋,1,,,,司马炎受魏禅建立，灭吴统一。
260,巴蜀,304,347,Q3505,成汉,,,,,
260,巴蜀,347,405,R3220,东晋,2,,,,桓温入蜀灭成汉
260,巴蜀,405,413,R3225,谯蜀,,,,,
260,巴蜀,413,420,R3220,东晋,2,,,,司马睿（晋元帝）在建康称帝，王马共天下。
260,巴蜀,420,479,R3230,刘宋,2,,,,刘裕北伐立功，受晋禅让建立。
260,巴蜀,479,502,R3231,南齐,2,,,,萧道成受宋禅让建立。
260,巴蜀,502,552,R3232,南梁,2,,,,萧衍（梁武帝）代齐建立，推崇佛教。
260,巴蜀,553,557,Q3721,西魏,2,,,,宇文泰拥立文帝，权臣专政。
260,巴蜀,557,581,Q3723,北周,2,,,,宇文觉受西魏禅让建立，宇文护掌权。
260,巴蜀,581,618,C4100,隋,1,,,,杨坚受北周禅让建立，灭陈统一全国。
260,巴蜀,618,690,C4110,唐,1,,,,李渊晋阳起兵，受隋禅让建立。
260,巴蜀,690,705,T4190,武周,,,,,武则天代唐称帝，中国唯一女皇。
260,巴蜀,705,907,C4110,唐,1,,,,李渊晋阳起兵，受隋禅让建立。
260,巴蜀,907,925,R4230,前蜀,,,,,王建据蜀称帝。
260,巴蜀,925,934,Q4620,后唐,,,,,李存勖以复唐为名灭梁，沙陀族背景。
260,巴蜀,934,965,R4231,后蜀,,,,,孟知祥据蜀称帝。
260,巴蜀,965,1127,C5100,北宋,1,,,,赵匡胤陈桥兵变建立。
260,巴蜀,1127,1259,R5110,南宋,2,,,,赵构在应天府称帝，定都临安。
260,巴蜀,1236,1271,N5600,蒙古帝国,2,,,,铁木真（成吉思汗）统一蒙古诸部。
260,巴蜀,1271,1363,Q5610,元,1,,,,忽必烈改国号为大元，灭宋统一。
260,巴蜀,1363,1371,R6197,大夏(明玉珍),,,,,
260,巴蜀,1371,1644,C6200,明,1,,,,朱元璋参加红巾军起义，驱逐胡虏建立。
260,巴蜀,1644,1646,T6290,大西,,,,,
260,巴蜀,1646,1912,Q6710,清,1,,,,皇太极改国号为清，多尔衮入关。
260,巴蜀,1912,1949,C7200,中华民国,1,,,,辛亥革命推翻清朝，孙中山/袁世凯建立。
260,巴蜀,1949,2025,C7110,中华人民共和国,1,,,,毛泽东领导中共建立，定都北京。
270,汉中,-1066,-770,C1120,西周,1,,,,周武王牧野之战灭商建立。
270,汉中,-770,-500,R1230,褒,,,,,
270,汉中,-500,-461,F1200,蜀,,,,,
270,汉中,-461,-441,R1150,秦,2,,,,非子牧马有功受封，逐步崛起。
270,汉中,-441,-387,F1200,蜀,,,,,
270,汉中,-387,-221,R1150,秦,2,,,,非子牧马有功受封，逐步崛起。
270,汉中,-221,-206,C2100,秦,1,,,,秦始皇灭六国，建立帝制。
270,汉中,-206,9,C2110,西汉,1,,,,刘邦在楚汉战争获胜建立。
270,汉中,9,23,T2190,新,,,,,王莽篡权建立。
270,汉中,23,25,T2105,玄汉,,,,,
270,汉中,26,36,R2200,成家,,,,,
270,汉中,23,190,C2120,东汉,1,,,,刘秀（光武帝）起兵推翻新莽建立。
270,汉中,191,214,R3201,刘焉/刘璋,,,,,
270,汉中,200,215,R3107,张鲁,,,,,东汉末年割据军阀。
270,汉中,215,219,R3100,曹魏,2,,,,曹丕受汉禅建立，定都洛阳。
270,汉中,219,263,R3200,蜀汉,2,,,,刘备以汉室宗亲身份称帝，定都成都。
270,汉中,263,266,R3100,曹魏,2,,,,曹丕受汉禅建立，定都洛阳。
270,汉中,266,304,C3110,西晋,1,,,,司马炎受魏禅建立，灭吴统一。
270,汉中,304,347,Q3505,成汉,,,,,
270,汉中,347,373,R3220,东晋,2,,,,司马睿（晋元帝）在建康称帝，王马共天下。
270,汉中,373,385,Q3620,前秦,,,,,氐族苻健称帝，苻坚任用王猛曾统一北方。
270,汉中,385,420,R3220,东晋,2,,,,司马睿（晋元帝）在建康称帝，王马共天下。
270,汉中,420,479,R3230,刘宋,2,,,,刘裕北伐立功，受晋禅让建立。
270,汉中,479,505,R3231,南齐,2,,,,萧道成受宋禅让建立。
270,汉中,505,534,Q3700,北魏,2,,,,鲜卑拓跋珪建国，统一北方，孝文帝汉化。
270,汉中,534,557,Q3721,西魏,2,,,,宇文泰拥立文帝，权臣专政。
270,汉中,557,581,Q3723,北周,2,,,,宇文觉受西魏禅让建立，宇文护掌权。
270,汉中,581,618,C4100,隋,1,,,,杨坚受北周禅让建立，灭陈统一全国。
270,汉中,618,690,C4110,唐,1,,,,李渊晋阳起兵，受隋禅让建立。
270,汉中,690,705,T4190,武周,,,,,武则天代唐称帝，中国唯一女皇。
270,汉中,705,902,C4110,唐,1,,,,李渊晋阳起兵，受隋禅让建立。
270,汉中,902,925,R4230,前蜀,,,,,王建据蜀称帝。
270,汉中,925,934,Q4620,后唐,,,,,李存勖以复唐为名灭梁，沙陀族背景。
270,汉中,934,965,R4231,后蜀,,,,,孟知祥据蜀称帝。
270,汉中,965,1131,C5100,北宋,1,,,,赵匡胤陈桥兵变建立。
270,汉中,1131,1134,Q5710,金,2,,,,完颜阿骨打起兵抗辽建立。
270,汉中,1134,1236,R5110,南宋,2,,,,赵构在应天府称帝，定都临安。
270,汉中,1236,1271,N5600,蒙古帝国,2,,,,铁木真（成吉思汗）统一蒙古诸部。
270,汉中,1271,1368,Q5610,元,1,,,,忽必烈改国号为大元，灭宋统一。
270,汉中,1368,1644,C6200,明,1,,,,朱元璋参加红巾军起义，驱逐胡虏建立。
270,汉中,1644,1645,T6190,大顺,,,,,
270,汉中,1645,1912,Q6710,清,1,,,,皇太极改国号为清，多尔衮入关。
270,汉中,1912,1949,C7200,中华民国,1,,,,辛亥革命推翻清朝，孙中山/袁世凯建立。
270,汉中,1949,2025,C7110,中华人民共和国,1,,,,毛泽东领导中共建立，定都北京。
310,岭南,-1046,-214,N1310,百越,,,,,
310,岭南,-214,-204,C2100,秦,1,,,,秦始皇灭六国，建立帝制。
310,岭南,-204,-111,F2300,南越,,,,,
310,岭南,-111,9,C2110,西汉,1,,,,刘邦在楚汉战争获胜建立。
310,岭南,9,23,T2190,新,,,,,王莽篡权建立。
310,岭南,23,226,C2120,东汉,1,,,,刘秀（光武帝）起兵推翻新莽建立。
310,岭南,226,280,R3210,孙吴,2,,,,孙权称帝，定都建业，据长江天险。
310,岭南,280,317,C3110,西晋,1,,,,司马炎受魏禅建立，灭吴统一。
310,岭南,317,420,R3220,东晋,2,,,,司马睿（晋元帝）在建康称帝，王马共天下。
310,岭南,420,479,R3230,刘宋,2,,,,刘裕北伐立功，受晋禅让建立。
310,岭南,479,502,R3231,南齐,2,,,,萧道成受宋禅让建立。
310,岭南,502,557,R3232,南梁,2,,,,萧衍（梁武帝）代齐建立，推崇佛教。
310,岭南,557,589,R3233,南陈,2,,,,陈霸先平定侯景之乱，受禅建立。
310,岭南,589,618,C4100,隋,1,,,,杨坚受北周禅让建立，灭陈统一全国。
310,岭南,618,690,C4110,唐,1,,,,李渊晋阳起兵，受隋禅让建立。
310,岭南,690,705,T4190,武周,,,,,武则天代唐称帝，中国唯一女皇。
310,岭南,705,905,C4110,唐,1,,,,李渊晋阳起兵，受隋禅让建立。
310,岭南,905,917,R4305,清海军,,,,,
310,岭南,917,971,R4310,南汉,,,,,刘岩据岭南称帝。
310,岭南,971,1127,C5100,北宋,1,,,,赵匡胤陈桥兵变建立。
310,岭南,1127,1276,R5110,南宋,2,,,,赵构在应天府称帝，定都临安。
310,岭南,1276,1279,R5112,宋行朝,,,,,
310,岭南,1279,1368,Q5610,元,1,,,,忽必烈改国号为大元，灭宋统一。
310,岭南,1368,1644,C6200,明,1,,,,朱元璋参加红巾军起义，驱逐胡虏建立。
310,岭南,1644,1662,R6210,南明,,,,,
310,岭南,1662,1851,Q6710,清,1,,,,皇太极改国号为清，多尔衮入关。
310,岭南,1851,1853,T6395,太平天国,,,,,
310,岭南,1853,1912,Q6710,清,1,,,,皇太极改国号为清，多尔衮入关。
310,岭南,1912,1949,C7200,中华民国,1,,,,辛亥革命推翻清朝，孙中山/袁世凯建立。
310,岭南,1949,2025,C7110,中华人民共和国,1,,,,毛泽东领导中共建立，定都北京。
320,福建,-1046,-306,N1320,七闽,,,,,
320,福建,-306,-221,F1340,闽越,,,,,
320,福建,-221,-202,C2100,秦,1,,,,
320,福建,-202,-110,F1340,闽越,,C2110,西汉,V,
320,福建,-110,9,C2110,西汉,1,,,,刘邦在楚汉战争获胜建立。
320,福建,9,23,T2190,新,,,,,王莽篡权建立。
320,福建,23,196,C2120,东汉,1,,,,刘秀（光武帝）起兵推翻新莽建立。
320,福建,196,280,R3210,孙吴,2,,,,孙权称帝，定都建业，据长江天险。
320,福建,280,317,C3110,西晋,1,,,,司马炎受魏禅建立，灭吴统一。
320,福建,317,420,R3220,东晋,2,,,,司马睿（晋元帝）在建康称帝，王马共天下。
320,福建,420,479,R3230,刘宋,2,,,,刘裕北伐立功，受晋禅让建立。
320,福建,479,502,R3231,南齐,2,,,,萧道成受宋禅让建立。
320,福建,502,557,R3232,南梁,2,,,,萧衍（梁武帝）代齐建立，推崇佛教。
320,福建,557,589,R3233,南陈,2,,,,陈霸先平定侯景之乱，受禅建立。
320,福建,589,618,C4100,隋,1,,,,杨坚受北周禅让建立，灭陈统一全国。
320,福建,618,690,C4110,唐,1,,,,李渊晋阳起兵，受隋禅让建立。
320,福建,690,705,T4190,武周,,,,,武则天代唐称帝，中国唯一女皇。
320,福建,705,893,C4110,唐,1,,,,李渊晋阳起兵，受隋禅让建立。
320,福建,893,909,R4245,威武军,,,,,
320,福建,909,945,R4240,闽,,,,,王审知据福建建立。
320,福建,945,978,R4246,留从效/陈洪进,,,,,
320,福建,978,1127,C5100,北宋,1,,,,赵匡胤陈桥兵变建立。
320,福建,1127,1276,R5110,南宋,2,,,,赵构在应天府称帝，定都临安。
320,福建,1276,1368,Q5610,元,1,,,,忽必烈改国号为大元，灭宋统一。
320,福建,1368,1644,C6200,明,1,,,,朱元璋参加红巾军起义，驱逐胡虏建立。
320,福建,1644,1646,R6210,南明,,,,,
320,福建,1646,1912,Q6710,清,1,,,,皇太极改国号为清，多尔衮入关。
320,福建,1912,1949,C7200,中华民国,1,,,,辛亥革命推翻清朝，孙中山/袁世凯建立。
320,福建,1949,2025,C7110,中华人民共和国,1,,,,毛泽东领导中共建立，定都北京。
330,台湾,1624,1662,T6010,荷兰/西班牙,,,,,
330,台湾,1662,1683,R6350,明郑,,,,,
330,台湾,1683,1895,Q6710,清,1,,,,皇太极改国号为清，多尔衮入关。
330,台湾,1895,1945,T7950,日据时期,,,,,
330,台湾,1945,2025,C7200,中华民国,1,,,,辛亥革命推翻清朝，孙中山/袁世凯建立。
340,云贵,-1046,-400,N1330,百濮,,,,,
340,云贵,-400,69,N1350,西南夷,,,,,
340,云贵,-279,-109,F2310,滇,,,,,
340,云贵,-135,9,C2110,西汉,1,,,,刘邦在楚汉战争获胜建立。
340,云贵,9,23,T2190,新,,,,,王莽篡权建立。
340,云贵,25,36,R2200,成家,,,,,
340,云贵,36,190,C2120,东汉,1,,,,刘秀（光武帝）起兵推翻新莽建立。
340,云贵,190,214,R3201,刘焉/刘璋,,,,,
340,云贵,214,263,R3200,蜀汉,2,,,,刘备以汉室宗亲身份称帝，定都成都。
340,云贵,263,265,R3100,曹魏,2,,,,曹魏三路灭蜀
340,云贵,265,317,C3110,西晋,1,,,,司马炎受魏禅建立，灭吴统一。
340,云贵,317,333,R3220,东晋,2,,,,司马睿（晋元帝）在建康称帝，王马共天下。
340,云贵,333,347,Q3505,成汉,,,,,
340,云贵,347,420,R3220,东晋,2,,,,司马睿（晋元帝）在建康称帝，王马共天下。
340,云贵,420,479,R3230,刘宋,2,,,,刘裕北伐立功，受晋禅让建立。
340,云贵,479,502,R3231,南齐,2,,,,萧道成受宋禅让建立。
340,云贵,502,548,R3232,南梁,2,,,,萧衍（梁武帝）代齐建立，推崇佛教。
340,云贵,548,554,F3310,爨氏,,,,,
340,云贵,554,557,Q3721,西魏,2,,,,宇文泰拥立文帝，权臣专政。
340,云贵,557,581,Q3723,北周,2,,,,宇文觉受西魏禅让建立，宇文护掌权。
340,云贵,581,598,C4100,隋,1,,,,杨坚受北周禅让建立，灭陈统一全国。
340,云贵,598,620,F3310,爨氏,,,,,
340,云贵,620,690,C4110,唐,1,,,,李渊晋阳起兵，受隋禅让建立。
340,云贵,690,705,T4190,武周,,,,,武则天代唐称帝，中国唯一女皇。
340,云贵,705,893,C4110,唐,1,,,,李渊晋阳起兵，受隋禅让建立。
340,云贵,649,738,F4305,六诏,,,,,
340,云贵,738,902,F4310,南诏,,,,,
340,云贵,902,937,T4315,长和/天兴,,,,,
340,云贵,937,1253,F5300,大理,,,,,
340,云贵,1253,1271,N5600,蒙古帝国,2,,,,铁木真（成吉思汗）统一蒙古诸部。
340,云贵,1271,1381,Q5610,元,1,,,,忽必烈改国号为大元，灭宋统一。
340,云贵,1381,1644,C6200,明,1,,,,朱元璋参加红巾军起义，驱逐胡虏建立。
340,云贵,1644,1661,R6210,南明,,,,,
340,云贵,1661,1681,T6360,吴周,,,,,
340,云贵,1681,1912,Q6710,清,1,,,,皇太极改国号为清，多尔衮入关。
340,云贵,1912,1949,C7200,中华民国,1,,,,辛亥革命推翻清朝，孙中山/袁世凯建立。
340,云贵,1949,2025,C7110,中华人民共和国,1,,,,毛泽东领导中共建立，定都北京。
350,安南,-257,-179,F1360,瓯骆,,,,,
350,安南,-179,-111,F2300,南越,,,,,
350,安南,-111,9,C2110,西汉,1,,,,刘邦在楚汉战争获胜建立。
350,安南,9,23,T2190,新,,,,,王莽篡权建立。
350,安南,23,40,C2120,东汉,1,,,,刘秀（光武帝）起兵推翻新莽建立。
350,安南,40,43,T2350,二征起义,,,,,
350,安南,43,187,C2120,东汉,1,,,,刘秀（光武帝）起兵推翻新莽建立。
350,安南,187,226,R2305,士燮,,,,,
350,安南,226,280,R3210,孙吴,2,,,,孙权称帝，定都建业，据长江天险。
350,安南,280,316,C3110,西晋,1,,,,司马炎受魏禅建立，...
350,安南,316,420,R3220,东晋,2,,,,司马睿（晋元帝）在建康称帝，王马共天下。
350,安南,420,479,R3230,刘宋,2,,,,刘裕北伐立功，受晋禅让建立。
350,安南,479,502,R3231,南齐,2,,,,萧道成受宋禅让建立。
350,安南,502,544,R3232,南梁,2,,,,萧衍（梁武帝）代齐建立，推崇佛教。
350,安南,544,602,T3350,前李朝,,,,,
350,安南,602,618,C4100,隋,1,,,,杨坚受北周禅让建立，灭陈统一全国。
350,安南,618,690,C4110,唐,1,,,,李渊晋阳起兵，受隋禅让建立。
350,安南,690,705,T4190,武周,,,,,武则天代唐称帝，中国唯一女皇。
350,安南,705,905,C4110,唐,1,,,,李渊晋阳起兵，受隋禅让建立。
350,安南,905,938,T4350,曲氏,,,,,
350,安南,938,968,F4355,吴朝,,,,,
350,安南,968,980,F5315,丁朝,,,,,
350,安南,980,1009,F5320,前黎朝,,,,,
350,安南,1009,1225,F5330,李朝,,,,,
350,安南,1225,1400,F5340,陈朝,,,,,
350,安南,1400,1407,T6300,胡朝,,,,,
350,安南,1407,1427,C6200,明,1,,,,朱元璋参加红巾军起义，驱逐胡虏建立。
350,安南,1427,1527,F6300,后黎朝,,,,,
350,安南,1527,1592,F6305,莫朝,,,,,
350,安南,1592,1778,F6310,黎朝,,,,,
350,安南,1778,1802,F6315,西山朝,,,,,
350,安南,1802,1883,F6320,阮朝,,,,,
350,安南,1883,1945,T7010,法国殖民,,,,,法国殖民统治时期。
350,安南,1945,1976,F7300,越南分裂,,,,,
350,安南,1976,2025,F7310,越南,,,,,南北统一后的越南。
410,卫藏,-500,633,N1420,悉补野部,,,,,即雅隆部落，吐蕃前身
410,卫藏,633,878,F4400,吐蕃,2,,,,松赞干布统一各部建立。
410,卫藏,878,1247,F5410,吐蕃诸部,,,,,吐蕃分裂割据时期
410,卫藏,1247,1271,N5600,蒙古帝国,2,,,,宣政院通过萨迦巴管辖
410,卫藏,1271,1354,Q5610,元,1,,,,宣政院通过萨迦巴管辖
410,卫藏,1354,1435,F6410,帕木竹巴,,C6200,明,J,乃东政权
410,卫藏,1435,1565,F6415,仁蚌巴,,C6200,明,V,控制后藏
410,卫藏,1565,1642,F6416,藏巴汗,,,,,噶玛王国，统一卫藏
410,卫藏,1642,1717,F6400,和硕特,,,,,固始汗汗廷（驻拉萨）
410,卫藏,1717,1720,N6630,准噶尔,,,,,噶尔丹时期强盛，与清争霸。
410,卫藏,1720,1912,Q6710,清,1,,,,皇太极改国号为清，多尔衮入关。
410,卫藏,1912,1951,F7400,西藏噶厦,,,,,事实独立时期
410,卫藏,1951,2025,C7110,中华人民共和国,1,,,,毛泽东领导中共建立，定都北京。
420,安多,-500,-176,N1400,古羌,,,,,
420,安多,-176,-111,N1400,古羌,,N1600,匈奴,V,
420,安多,-111,417,N1400,古羌,,,,,
420,安多,-111,9,C2110,西汉,1,,,,刘邦在楚汉战争获胜建立。
420,安多,9,23,T2190,新,,,,,王莽篡权建立。
420,安多,23,185,C2120,东汉,1,,,,刘秀（光武帝）起兵推翻新莽建立。
420,安多,185,215,T2191,韩遂,,,,,东汉末年割据军阀。
420,安多,215,266,R3100,曹魏,2,,,,曹丕受汉禅建立，定都洛阳。
420,安多,266,301,C3110,西晋,1,,,,司马炎受魏禅建立，灭吴统一。
420,安多,301,376,R3160,前凉,,,,,
420,安多,376,386,Q3620,前秦,,,,,氐族苻健称帝，苻坚任用王猛曾统一北方。
420,安多,386,398,Q3510,后凉,,,,,
420,安多,398,414,R3570,南凉,,,,,
420,安多,414,429,R3625,西秦,,,,,
420,安多,429,439,R3560,北凉,,,,,
420,安多,439,534,Q3700,北魏,2,,,,鲜卑拓跋珪建国，统一北方，孝文帝汉化。
420,安多,534,557,Q3721,西魏,2,,,,宇文泰拥立文帝，权臣专政。
420,安多,557,581,Q3723,北周,2,,,,宇文觉受西魏禅让建立，宇文护掌权。
420,安多,581,618,C4100,隋,1,,,,杨坚受北周禅让建立，灭陈统一全国。
420,安多,618,663,C4110,唐,1,,,,李渊晋阳起兵，受隋禅让建立。
420,安多,329,609,F3400,吐谷浑,,,,,
420,安多,618,635,F3400,吐谷浑,,,,,
420,安多,663,878,F4400,吐蕃,2,,,,松赞干布统一各部建立。
420,安多,878,1032,F5410,吐蕃诸部,,,,,
420,安多,1032,1104,F5450,唃厮啰,,,,,
420,安多,1035,1108,F5451,黄头回鹘,,,,,
420,安多,1104,1133,C5100,北宋,1,,,,赵匡胤陈桥兵变建立。
420,安多,1133,1247,F5410,吐蕃诸部,,,,,
420,安多,1247,1271,N5600,蒙古帝国,2,,,,铁木真（成吉思汗）统一蒙古诸部。
420,安多,1271,1354,Q5610,元,1,,,,忽必烈改国号为大元，灭宋统一。
420,安多,1354,1435,F6410,帕木竹巴,,C6200,明,J,乃东政权
420,安多,1435,1565,F6415,仁蚌巴,,C6200,明,V,控制后藏
420,安多,1565,1618,F6416,藏巴汗,,,,,噶玛王国，统一卫藏
420,安多,1543,1637,F6417,鞑靼土默特,,,,,
420,安多,1637,1717,F6400,和硕特,,,,,
420,安多,1717,1723,F6417,青海蒙古,,,,,
420,安多,1723,1912,Q6710,清,1,,,,皇太极改国号为清，多尔衮入关。
420,安多,1912,1949,R7260,马家军,,,,,
420,安多,1949,2025,C7110,中华人民共和国,1,,,,毛泽东领导中共建立，定都北京。
430,康区,-500,200,N1400,古羌,,,,,
430,康区,200,633,N3410,苏毗,,,,,
430,康区,581,638,N3420,附国,,,,,
430,康区,638,842,F4400,吐蕃,2,,,,松赞干布统一各部建立。
430,康区,842,1247,F4420,土司诸部,,,,,
430,康区,1247,1271,N5600,蒙古帝国,2,,,,铁木真（成吉思汗）统一蒙古诸部。
430,康区,1271,1354,Q5610,元,1,,,,忽必烈改国号为大元，灭宋统一。
430,康区,1354,1435,F6410,帕木竹巴,,C6200,明,J,乃东政权
430,康区,1435,1565,F6415,仁蚌巴,,C6200,明,V,控制后藏
430,康区,1565,1618,F6416,藏巴汗,,,,,噶玛王国，统一卫藏
430,康区,1618,1640,F6418,格鲁派,,,,,
430,康区,1637,1717,F6400,和硕特,,,,,
430,康区,1717,1720,N6630,准噶尔,,,,,噶尔丹时期强盛，与清争霸。
430,康区,1720,1912,Q6710,清,1,,,,皇太极改国号为清，多尔衮入关。
430,康区,1912,1950,C7200,中华民国,1,,,,辛亥革命推翻清朝，孙中山/袁世凯建立。
430,康区,1950,2025,C7110,中华人民共和国,1,,,,毛泽东领导中共建立，定都北京。
440,阿里,-500,644,N1410,象雄,,,,,苯教文明中心，被吐蕃吞并
440,阿里,644,878,F4400,吐蕃,2,,,,
440,阿里,878,1247,F5410,吐蕃诸部,,,,,
440,阿里,946,1633,F4410,古格,,,,,吐蕃王室后裔建立，阿里霸主
410,卫藏,1247,1271,N5600,蒙古帝国,2,,,,宣政院通过萨迦巴管辖
410,卫藏,1271,1354,Q5610,元,1,,,,宣政院通过萨迦巴管辖
410,卫藏,1354,1435,F6410,帕木竹巴,,C6200,明,J,乃东政权
410,卫藏,1435,1565,F6415,仁蚌巴,,C6200,明,V,控制后藏
410,卫藏,1565,1618,F6416,藏巴汗,,,,,噶玛王国，统一卫藏
440,阿里,1618,1753,F6420,拉达克,,,,,拉达克占领时期 (森巴战争前奏)
440,阿里,1678,1717,F6400,和硕特,,,,,五世达赖与固始汗收复阿里
440,阿里,1717,1720,N6630,准噶尔,,,,,
440,阿里,1720,1912,Q6710,清,1,,,,设阿里噶本，隶属噶厦
440,阿里,1912,1950,F7400,西藏噶厦,,,,,事实独立时期
440,阿里,1950,2025,C7110,中华人民共和国,1,,,,阿里先遣连进驻
510,东疆,-500,-176,F1530,西域诸国,,,,,
510,东疆,-176,-60,N1600,匈奴,,,,,冒顿单于杀父自立，统一草原。
510,东疆,-60,9,C2110,西汉,1,,,,刘邦在楚汉战争获胜建立。
510,东疆,9,13,T2190,新,,,,,王莽篡权建立。
510,东疆,13,48,N1600,匈奴,,,,,冒顿单于杀父自立，统一草原。
510,东疆,48,90,N2601,北匈奴,,,,,
510,东疆,86,107,C2120,东汉,1,,,,刘秀（光武帝）起兵推翻新莽建立。
510,东疆,107,127,N2601,北匈奴,,,,,
510,东疆,123,190,C2120,东汉,1,,,,刘秀（光武帝）起兵推翻新莽建立。
510,东疆,190,220,F1530,西域诸国,,,,,
510,东疆,220,266,R3100,曹魏,2,,,,曹丕受汉禅建立，定都洛阳。
510,东疆,266,316,C3110,西晋,1,,,,司马炎受魏禅建立，灭吴统一。
510,东疆,316,376,R3160,前凉,,,,,
510,东疆,376,386,Q3620,前秦,,,,,氐族苻健称帝，苻坚任用王猛曾统一北方。
510,东疆,386,398,Q3510,后凉,,,,,
510,东疆,398,460,R3560,北凉,,,,,
510,东疆,460,640,F3530,高昌,,,,,
510,东疆,640,690,C4110,唐,1,,,,李渊晋阳起兵，受隋禅让建立。
510,东疆,755,803,F4400,吐蕃,2,,,,松赞干布统一各部建立。
510,东疆,803,840,N4610,回鹘,,,,,骨力裴罗受唐册封建立。
510,东疆,840,1130,F5520,高昌回鹘,,,,,回鹘西迁后建立的政权。
510,东疆,1130,1209,Q5510,西辽,2,,,,耶律大石率众西迁建立。
510,东疆,1209,1271,N5600,蒙古帝国,2,,,,铁木真（成吉思汗）统一蒙古诸部。
510,东疆,1271,1319,Q5610,元,1,,,,铁木真（成吉思汗）统一蒙古诸部。
510,东疆,1314,1346,N5602,察合台,,,,,
510,东疆,1346,1388,N6605,东察合台,,,,,
510,东疆,1388,1418,N6606,别失八里,,,,,
510,东疆,1418,1478,N6607,亦力把里,,,,,
510,东疆,1478,1570,N6608,吐鲁番,,,,,
510,东疆,1570,1679,F6510,叶尔羌,,,,,
510,东疆,1679,1697,N6630,准噶尔,,,,,噶尔丹时期强盛，与清争霸。
510,东疆,1697,1912,Q6710,清,1,,,,皇太极改国号为清，多尔衮入关。
510,东疆,1912,1949,C7200,中华民国,1,,,,辛亥革命推翻清朝，孙中山/袁世凯建立。
510,东疆,1949,2025,C7110,中华人民共和国,1,,,,毛泽东领导中共建立，定都北京。
520,准噶尔,-500,-176,N1500,塞种,,,,,
520,准噶尔,-176,-130,N1510,大月氏,,,,,
520,准噶尔,-158,-126,N1600,匈奴,,,,,冒顿单于杀父自立，统一草原。
520,准噶尔,-130,-53,N2500,乌孙,,,,,
520,准噶尔,-53,9,C2110,西汉,1,,,,刘邦在楚汉战争获胜建立。
520,准噶尔,9,13,T2190,新,,,,,王莽篡权建立。
520,准噶尔,13,409,N2500,乌孙,,,,,
520,准噶尔,409,480,N3610,悦般,,,,,
520,准噶尔,480,552,N3600,柔然,,,,,木骨闾之后建立，称雄草原。
520,准噶尔,552,603,N4600,突厥,,,,,
520,准噶尔,603,657,N4602,西突厥,,,,,
510,东疆,690,705,T4190,武周,,,,,武则天代唐称帝，中国唯一女皇。
510,东疆,705,755,C4110,唐,1,,,,李渊晋阳起兵，受隋禅让建立。
520,准噶尔,657,690,C4110,唐,1,,,,李渊晋阳起兵，受隋禅让建立。
520,准噶尔,690,705,T4190,武周,,,,,武则天代唐称帝，中国唯一女皇。
520,准噶尔,705,755,C4110,唐,1,,,,李渊晋阳起兵，受隋禅让建立。
520,准噶尔,755,840,N4610,回鹘,,,,,骨力裴罗受唐册封建立。
520,准噶尔,840,1130,F5520,高昌回鹘,,,,,回鹘西迁后建立的政权。
520,准噶尔,1130,1218,Q5510,西辽,2,,,,耶律大石率众西迁建立。
520,准噶尔,1218,1300,N5601,窝阔台,,,,,
520,准噶尔,1300,1400,N5602,察合台,,,,,
520,准噶尔,1400,1634,N6620,瓦剌,,,,,
520,准噶尔,1634,1757,N6630,准噶尔,,,,,噶尔丹时期强盛，与清争霸。
520,准噶尔,1757,1912,Q6710,清,1,,,,皇太极改国号为清，多尔衮入关。
520,准噶尔,1912,1949,C7200,中华民国,1,,,,辛亥革命推翻清朝，孙中山/袁世凯建立。
520,准噶尔,1949,2025,C7110,中华人民共和国,1,,,,毛泽东领导中共建立，定都北京。
530,伊犁,-500,-176,N1500,塞种,,,,,
530,伊犁,-176,-130,N1510,大月氏,,,,,
530,伊犁,-130,-53,N2500,乌孙,,,,,
530,伊犁,-53,9,C2110,西汉,1,,,,刘邦在楚汉战争获胜建立。
530,伊犁,9,13,T2190,新,,,,,王莽篡权建立。
530,伊犁,13,409,N2500,乌孙,,,,,
530,伊犁,409,480,N3610,悦般,,,,,
530,伊犁,480,552,N3600,柔然,,,,,木骨闾之后建立，称雄草原。
530,伊犁,552,603,N4600,突厥,,,,,
530,伊犁,603,657,N4602,西突厥,,,,,
530,伊犁,657,690,C4110,唐,1,,,,李渊晋阳起兵，受隋禅让建立。
530,伊犁,690,700,T4190,武周,,,,,武则天代唐称帝，中国唯一女皇。
530,伊犁,700,739,N4506,突骑施,,,,,
530,伊犁,739,766,C4110,唐,1,,,,李渊晋阳起兵，受隋禅让建立。
530,伊犁,766,840,N4507,葛逻禄,,,,,
530,伊犁,840,1134,F5550,喀喇,,,,,
530,伊犁,1134,1218,Q5510,西辽,2,,,,耶律大石率众西迁建立。
530,伊犁,1218,1269,N5600,蒙古帝国,2,,,,铁木真（成吉思汗）统一蒙古诸部。
530,伊犁,1269,1347,N5602,察合台,,,,,
530,伊犁,1347,1670,F6605,蒙兀儿斯坦,,,,,
530,伊犁,1670,1757,N6630,准噶尔,,,,,噶尔丹时期强盛，与清争霸。
530,伊犁,1757,1864,Q6710,清,1,,,,皇太极改国号为清，多尔衮入关。
530,伊犁,1864,1871,T6695,塔兰奇/苏丹,,,,,
530,伊犁,1871,1881,F7020,沙俄,,,,,
530,伊犁,1881,1912,Q6710,清,1,,,,皇太极改国号为清，多尔衮入关。
530,伊犁,1912,1949,C7200,中华民国,1,,,,辛亥革命推翻清朝，孙中山/袁世凯建立。
530,伊犁,1949,2025,C7110,中华人民共和国,1,,,,毛泽东领导中共建立，定都北京。
540,塔里木,-500,-176,F1530,西域诸国,,,,,
540,塔里木,-176,-108,N1600,匈奴,,,,,冒顿单于杀父自立，统一草原。
540,塔里木,-108,-60,F1530,西域诸国,,,,,
540,塔里木,-76,9,C2110,西汉,1,,,,刘邦在楚汉战争获胜建立。
540,塔里木,9,13,T2190,新,,,,,王莽篡权建立。
540,塔里木,13,33,N1600,匈奴,,,,,冒顿单于杀父自立，统一草原。
540,塔里木,33,65,F1530,西域诸国,,,,,
540,塔里木,65,91,N2601,北匈奴,,,,,
540,塔里木,73,107,C2120,东汉,1,,,,刘秀（光武帝）起兵推翻新莽建立。
540,塔里木,107,124,N2601,北匈奴,,,,,
540,塔里木,124,190,C2120,东汉,1,,,,刘秀（光武帝）起兵推翻新莽建立。
540,塔里木,190,335,F1530,西域诸国,,,,,
540,塔里木,335,370,R3160,前凉,,,,,
540,塔里木,370,504,F1530,西域诸国,,,,,
540,塔里木,382,385,Q3620,前秦,,,,,氐族苻健称帝，苻坚任用王猛曾统一北方。
540,塔里木,385,398,Q3510,后凉,,,,,
540,塔里木,420,439,N3600,柔然,,,,,木骨闾之后建立，称雄草原。
540,塔里木,445,471,Q3700,北魏,2,,,,鲜卑拓跋珪建国，统一北方，孝文帝汉化。
540,塔里木,459,491,N3600,柔然,,,,,木骨闾之后建立，称雄草原。
540,塔里木,485,555,N3550,嚈哒,,,,,
540,塔里木,500,635,F3400,吐谷浑,,,,,
540,塔里木,555,603,N4600,突厥,,,,,
540,塔里木,603,648,N4602,西突厥,,,,,
540,塔里木,635,690,C4110,唐,1,,,,李渊晋阳起兵，受隋禅让建立。
540,塔里木,690,705,T4190,武周,,,,,武则天代唐称帝，中国唯一女皇。
540,塔里木,705,790,C4110,唐,1,,,,李渊晋阳起兵，受隋禅让建立。
540,塔里木,790,840,F4400,吐蕃,2,,,,松赞干布统一各部建立。
540,塔里木,840,1006,F2630,归义军/于阗,,,,,
540,塔里木,960,1132,F5550,喀喇,,,,,
540,塔里木,1132,1218,Q5510,西辽,2,,,,耶律大石率众西迁建立。
540,塔里木,1218,1347,N5602,察合台,,,,,
540,塔里木,1347,1514,N6605,东察合台,,,,,
540,塔里木,1514,1680,F6510,叶尔羌,,,,,
540,塔里木,1680,1757,N6630,准噶尔,,,,,噶尔丹时期强盛，与清争霸。
540,塔里木,1757,1864,Q6710,清,1,,,,皇太极改国号为清，多尔衮入关。
540,塔里木,1864,1877,T6690,哲德沙尔,,,,,
540,塔里木,1877,1912,Q6710,清,1,,,,皇太极改国号为清，多尔衮入关。
540,塔里木,1912,1949,C7200,中华民国,1,,,,辛亥革命推翻清朝，孙中山/袁世凯建立。
540,塔里木,1949,2025,C7110,中华人民共和国,1,,,,毛泽东领导中共建立，定都北京。
550,葱岭以西,-500,-176,F1530,西域诸国,,,,,
550,葱岭以西,-176,-100,N1500,塞种,,,,,
550,葱岭以西,-140,-102,N2515,大宛,,,,,
550,葱岭以西,-102,9,C2110,西汉,1,,,,刘邦在楚汉战争获胜建立。
550,葱岭以西,9,13,T2190,新,,,,,王莽篡权建立。
550,葱岭以西,13,420,N2515,大宛,,,,,
550,葱岭以西,30,375,F2540,贵霜,,,,,
550,葱岭以西,375,555,N3550,嚈哒,,,,,
550,葱岭以西,555,603,N4600,突厥,,,,,
550,葱岭以西,603,657,N4602,西突厥,,,,,
550,葱岭以西,648,690,C4110,唐,1,,,,李渊晋阳起兵，受隋禅让建立。
550,葱岭以西,690,705,T4190,武周,,,,,武则天代唐称帝，中国唯一女皇。
550,葱岭以西,705,751,C4110,唐,1,,,,李渊晋阳起兵，受隋禅让建立。
550,葱岭以西,751,870,F4550,阿拔斯王朝,,,,,
550,葱岭以西,870,999,F4560,萨曼王朝,,,,,
550,葱岭以西,999,1141,F5550,喀喇,,,,,
550,葱岭以西,1141,1210,Q5510,西辽,2,,,,耶律大石率众西迁建立。
550,葱岭以西,1210,1220,F5560,花剌子模,,,,,
550,葱岭以西,1220,1370,N5602,察合台,,,,,
550,葱岭以西,1370,1500,F6650,帖木儿,,,,,
550,葱岭以西,1500,1700,F6660,布哈拉,,,,,
550,葱岭以西,1700,1876,F6620,浩罕,,,,,
550,葱岭以西,1876,1922,F7020,沙俄,,,,,
550,葱岭以西,1922,1991,F7030,苏联,,,,,
550,葱岭以西,1991,2025,F7070,塔吉克斯坦,,,,,
560,外西北,-500,-176,N1500,塞种,,,,,斯基泰人（Saka）活动区域。
560,外西北,-176,-110,N1600,匈奴,,,,,冒顿单于击败大月氏，控制西域北部，为右贤王领地。
560,外西北,-110,400,N2500,乌孙,,C2110,西汉,J,主体政权：乌孙西迁至七河地区，长期在此建国。
560,外西北,-60,150,N1600,匈奴,,,,,并存势力：匈奴（及后来的北匈奴）长期控制巴尔喀什湖以北及斋桑一带，威胁乌孙。
560,外西北,160,440,N3610,悦般,,,,,并存势力：北匈奴残部在龟兹以北建立悦般国，控制外西北一部。
560,外西北,400,552,N3600,柔然,,,,,柔然汗国崛起，控制阿尔泰山及准噶尔周边。
560,外西北,480,540,N3620,高车,,,,,反抗势力：阿弗至罗率高车部族在西域北部反叛柔然，建立候罗部。
560,外西北,552,583,N4600,突厥,,,,,突厥汗国统一大漠南北及西域。
560,外西北,583,657,N4602,西突厥,,,,,射匮可汗扩地至西海（咸海），以千泉（七河）为中心。
560,外西北,657,766,C4110,唐,1,,,,名义主权：平西突厥，设昆陵、蒙池都护府册封阿史那氏。
560,外西北,699,766,N4506,突骑施,,C4110,唐,J,实际控制：苏禄可汗及其后继者在碎叶川建立牙帐，实力强盛，时降时叛。
560,外西北,766,840,N4507,葛逻禄,,C4110,唐,J,葛逻禄人占领七河，唐朝势力逐渐退出。
560,外西北,840,1124,F5550,喀喇,,,,,喀喇汗国（黑汗王朝），突厥语民族伊斯兰化的开端。
560,外西北,1124,1218,Q5510,西辽,2,,,,耶律大石定都虎思斡耳朵。
560,外西北,1130,1210,N4510,康里,,Q5510,西辽,V,部族势力：康里人（葛逻禄分支）在巴尔喀什湖以北游牧，臣服西辽。
560,外西北,1218,1260,N5600,蒙古帝国,2,,,,成吉思汗分封诸子，此地为窝阔台与察合台封地交界。
560,外西北,1260,1347,N5602,察合台,,,,,海都之乱后，察合台汗国确立对此地的统治。
560,外西北,1347,1550,N6605,东察合台,,,,,蒙兀儿斯坦。秃忽鲁帖木儿及其后裔统治伊犁及七河。
560,外西北,1450,1700,N6650,哈萨克,,,,,并存拉锯：哈萨克汗国崛起，大玉兹长期在七河地区活动，与东察合台/准噶尔争夺生存空间。
560,外西北,1600,1757,N6630,准噶尔,,,,,准噶尔汗国达到极盛，将哈萨克人逐出七河，完全控制该地。
560,外西北,1757,1864,Q6710,清,1,,,,法理主权：平定准噶尔，设卡伦巡逻，归伊犁将军管辖。
560,外西北,1760,1864,N6650,哈萨克,,Q6710,清,V,游牧实存：哈萨克大玉兹及中玉兹归附清朝，获准在巴尔喀什湖以东游牧，形成“人随地归”前的混合居住。
560,外西北,1864,1922,F7020,沙俄,,,,,1864年割让：界约签订，领土正式变色。
560,外西北,1922,1991,F7030,苏联,,,,,哈萨克苏维埃社会主义共和国。
560,外西北,1991,2025,F7120,哈萨克斯坦,,,,,独立国家。
610,漠南,-1300,-206,N1610,东胡/猃狁,,,,,
610,漠南,-318,-119,N1600,匈奴,,,,,冒顿单于杀父自立，统一草原。
610,漠南,-119,9,C2110,西汉,1,,,,霍去病进攻匈奴左地，置护乌桓校尉，使之与匈奴隔离。
610,漠南,-44,48,N1600,匈奴,,,,,冒顿单于杀父自立，统一草原。
610,漠南,48,93,N2601,北匈奴,,,,,
610,漠南,46,151,N2605,鲜卑诸部,,,,,乌桓破匈奴，匈奴北徙，鲜卑入主蒙古高原
610,漠南,151,184,N2610,鲜卑,,,,,檀石槐曾统一鲜卑各部。
610,漠南,184,318,N2605,鲜卑诸部,,,,,
610,漠南,318,376,N3720,代,,,,,
610,漠南,376,386,Q3620,前秦,,,,,氐族苻健称帝，苻坚任用王猛曾统一北方。
610,漠南,386,391,N3600,柔然,,,,,
610,漠南,386,525,Q3700,北魏,2,,,,鲜卑拓跋珪建国，统一北方，孝文帝汉化。
610,漠南,525,551,N3600,柔然,,,,,
610,漠南,551,603,N4600,突厥,,,,,
610,漠南,603,630,N4601,东突厥,,,,,
610,漠南,630,682,C4110,唐,1,,,,李渊晋阳起兵，受隋禅让建立。
610,漠南,682,744,N4603,后突厥,,,,,
610,漠南,744,840,N4610,回鹘,,,,,骨力裴罗受唐册封建立。
610,漠南,840,907,N4615,黠戛斯,,,,,
610,漠南,907,919,N4616,阻卜,,,,,
610,漠南,919,1125,Q5700,辽,2,,,,耶律阿保机统一契丹各部建立。
610,漠南,1125,1211,Q5710,金,2,,,,完颜阿骨打起兵抗辽建立。
610,漠南,1211,1271,N5600,蒙古帝国,2,,,,铁木真（成吉思汗）统一蒙古诸部。
610,漠南,1271,1368,Q5610,元,1,,,,忽必烈改国号为大元，灭宋统一。
610,漠南,1368,1388,N6600,北元,,,,,
610,漠南,1388,1434,N6610,鞑靼,,,,,明代东部蒙古本部。
610,漠南,1449,1540,N6620,瓦剌,,,,,
610,漠南,1388,1449,C6200,明,1,,,,朱元璋参加红巾军起义，驱逐胡虏建立。
610,漠南,1540,1634,N6610,鞑靼,,,,,明代东部蒙古本部。
610,漠南,1634,1912,Q6710,清,1,,,,皇太极改国号为清，多尔衮入关。
610,漠南,1912,1949,C7200,中华民国,1,,,,辛亥革命推翻清朝，孙中山/袁世凯建立。
610,漠南,1937,1945,T7991,蒙疆政府,,,,,
610,漠南,1949,2025,C7110,中华人民共和国,1,,,,毛泽东领导中共建立，定都北京。
620,漠北,-318,48,N1600,匈奴,,,,,冒顿单于杀父自立，统一草原。
620,漠北,48,160,N2601,北匈奴,,,,,乌桓破匈奴，匈奴北徙，鲜卑入主蒙古高原
620,漠北,91,151,N2605,鲜卑诸部,,,,,北匈奴西迁
620,漠北,151,184,N2610,鲜卑,,,,,檀石槐曾统一鲜卑各部。
620,漠北,184,256,N2605,鲜卑诸部,,,,,
620,漠北,256,402,N3620,高车,,,,,
620,漠北,402,552,N3600,柔然,,,,,木骨闾之后建立，称雄草原。
620,漠北,552,583,N4600,突厥,,,,,
620,漠北,583,629,N4601,东突厥,,,,,
620,漠北,629,646,N4605,薛延陀,,,,,
620,漠北,646,682,C4110,唐,1,,,,李渊晋阳起兵，受隋禅让建立。
620,漠北,682,744,N4603,后突厥,,,,,
620,漠北,744,840,N4610,回鹘,,,,,骨力裴罗受唐册封建立。
620,漠北,840,907,N4615,黠戛斯,,,,,
620,漠北,907,1004,N4616,阻卜,,,,,
620,漠北,919,1125,Q5700,辽,2,,,,耶律阿保机统一契丹各部建立。
620,漠北,1125,1206,N5605,克烈/乃蛮,,,,,
620,漠北,1206,1271,N5600,蒙古帝国,2,,,,铁木真（成吉思汗）统一蒙古诸部。
620,漠北,1271,1368,Q5610,元,1,,,,忽必烈改国号为大元，灭宋统一。
620,漠北,1368,1388,N6600,北元,,,,,
620,漠北,1388,1431,N6610,鞑靼,,,,,
620,漠北,1399,1640,N6620,瓦剌,,,,,
620,漠北,1550,1688,N6640,喀尔喀蒙古,,,,,
620,漠北,1688,1697,N6641,喀尔丹,,,,,
620,漠北,1691,1912,Q6710,清,1,,,,皇太极改国号为清，多尔衮入关。
620,漠北,1912,1915,F7600,博克多,,,,,
620,漠北,1915,1921,C7200,中华民国,1,,,,辛亥革命推翻清朝，孙中山/袁世凯建立。
620,漠北,1921,1924,F7600,博克多,,,,,
620,漠北,1924,2025,F7610,蒙古国,,,,,
630,岭北,-318,48,N1615,丁零,,N1600,匈奴,V,游牧于贝加尔湖及叶尼塞河，时而臣服匈奴，时而反叛。
630,岭北,48,85,N1615,丁零,,N2601,北匈奴,V,游牧于贝加尔湖及叶尼塞河，时而臣服匈奴，时而反叛。
630,岭北,48,318,N1615,丁零,,,,,反叛匈奴而独立
630,岭北,91,151,N2605,鲜卑诸部,,,,,鲜卑北迁，控制大漠南北。
630,岭北,151,184,N2610,鲜卑,,,,,檀石槐曾统一鲜卑各部。
630,岭北,184,256,N2605,鲜卑诸部,,,,,
630,岭北,318,402,N3615,敕勒诸部,,,,,
630,岭北,402,552,N3600,柔然,,,,,柔然汗国控制贝加尔湖。
630,岭北,552,556,N3616,铁勒诸部,,,,,铁勒诸部控制贝加尔湖。
630,岭北,556,583,N4600,突厥,,,,,突厥汗国统治。
630,岭北,583,610,N3616,铁勒诸部,,,,,铁勒诸部控制贝加尔湖。
630,岭北,610,629,N4601,东突厥,,,,,
630,岭北,629,647,N4605,薛延陀,,,,,
630,岭北,647,690,C4110,唐,,,,,唐设燕然都护府、坚昆都督府。
630,岭北,690,745,N4603,后突厥,,,,,
630,岭北,745,840,N4610,回鹘,,,,,回鹘汗国统治漠北。
630,岭北,840,1125,N4615,黠戛斯,,,,,黠戛斯灭回鹘，短暂称霸。
630,岭北,907,1004,N4616,阻卜,,,,,
630,岭北,1004,1125,Q5700,辽,2,,,,辽设西北路招讨司节制“阻卜”诸部。
630,岭北,1125,1206,N5606,蒙兀,,,,,辽灭后，克烈、蒙兀等部活动。
630,岭北,1206,1271,N5600,蒙古帝国,2,,,,铁木真（成吉思汗）统一蒙古诸部。
630,岭北,1271,1368,Q5610,元,1,,,,岭北行省（益兰州等）。
630,岭北,1368,1388,N6600,北元,,,,,达延汗统一蒙古。
630,岭北,1388,1399,N6610,鞑靼,,,,,
630,岭北,1399,1663,N6615,布里亚特,,,,,
630,岭北,1399,1640,N6620,瓦剌,,,,,
630,岭北,1628,1922,F7020,沙俄,,,,,1640年哥萨克建立上乌丁斯克、尼布楚等要塞，蚕食布里亚特；1689年《尼布楚条约》确认贝加尔湖以东属俄；1914年沙俄吞并唐努乌梁海。
630,岭北,1640,1754,N6630,准噶尔,,,,,噶尔丹时期强盛，与清争霸。
630,岭北,1688,1697,N6641,喀尔丹,,,,,
630,岭北,1697,1912,Q6710,清,1,,,,条约分治：布里亚特归俄，唐努归清。建议列内并列 [清
630,岭北,1922,1991,F7030,苏联,,,,,图瓦并入苏联。
630,岭北,1991,2025,F7035,俄罗斯,,,,,俄罗斯联邦。
710,外东北,-1300,9,N1700,肃慎,,,,,
710,外东北,-1045,-119,N1720,濊貊,,,,,
710,外东北,-119,459,N2700,扶余,,,,,
710,外东北,9,459,N2710,挹娄,,,,,
710,外东北,459,587,N3701,勿吉,,,,,
710,外东北,459,556,N3605,室韦,,,,,
710,外东北,556,583,N3605,室韦,,N4600,突厥,J,
710,外东北,583,719,N3605,室韦,,,,,
710,外东北,719,842,F4605,室韦都督府,,C4110,唐,J,
710,外东北,842,982,N3605,室韦,,,,,
710,外东北,587,725,N3710,靺鞨,,,,,
710,外东北,725,815,F4705,黑水都督府,,C4110,唐,J,
710,外东北,815,982,F4710,黑水靺鞨,,,,,
710,外东北,781,926,F4700,渤海,2,,,,
710,外东北,926,1116,Q5700,辽,2,,,,耶律阿保机统一契丹各部建立。
710,外东北,1116,1234,Q5710,金,2,,,,完颜阿骨打起兵抗辽建立。
710,外东北,1215,1234,R5721,东夏,,,,,
710,外东北,1234,1271,N5600,蒙古帝国,2,,,,铁木真（成吉思汗）统一蒙古诸部。
710,外东北,1271,1368,Q5610,元,1,,,,忽必烈改国号为大元，灭宋统一。
710,外东北,1368,1388,N6600,北元,,,,,
710,外东北,1388,1399,N6610,鞑靼,,,,,
710,外东北,1399,1407,N6720,野人/海西女真,,,,,
710,外东北,1404,1616,C6200,明,1,,,,朱元璋参加红巾军起义，驱逐胡虏建立。
710,外东北,1616,1644,Q6700,后金,2,,,,
710,外东北,1644,1858,Q6710,清,1,,,,皇太极改国号为清，多尔衮入关。
710,外东北,1858,1922,F7020,沙俄,,,,,
710,外东北,1922,1991,F7030,苏联,,,,,
710,外东北,1991,2025,F7035,俄罗斯,,,,,
720,松嫩,-1300,9,N1700,肃慎,,,,,
720,松嫩,-1045,-119,N1720,濊貊,,,,,
720,松嫩,-119,459,N2700,扶余,,,,,
720,松嫩,9,459,N2710,挹娄,,,,,
720,松嫩,459,587,N3701,勿吉,,,,,
720,松嫩,459,556,N3605,室韦,,,,,
720,松嫩,556,583,N3605,室韦,,N4600,突厥,J,
720,松嫩,583,719,N3605,室韦,,,,,
720,松嫩,719,842,F4605,室韦都督府,,C4110,唐,J,
720,松嫩,842,982,N3605,室韦,,,,,
720,松嫩,587,725,N3710,靺鞨,,,,,
720,松嫩,725,815,F4705,黑水都督府,,C4110,唐,J,
720,松嫩,698,926,F4700,渤海,2,,,,
720,松嫩,915,1115,Q5700,辽,2,,,,耶律阿保机统一契丹各部建立。
720,松嫩,1115,1234,Q5710,金,2,,,,完颜阿骨打起兵抗辽建立。
720,松嫩,1215,1234,R5721,东夏,,,,,
720,松嫩,1234,1271,N5600,蒙古帝国,2,,,,铁木真（成吉思汗）统一蒙古诸部。
720,松嫩,1271,1368,Q5610,元,1,,,,忽必烈改国号为大元，灭宋统一。
720,松嫩,1368,1388,N6600,北元,,,,,
720,松嫩,1388,1399,N6610,鞑靼,,,,,
720,松嫩,1399,1407,N6720,野人/海西女真,,,,,
720,松嫩,1388,1616,C6200,明,1,,,,朱元璋参加红巾军起义，驱逐胡虏建立。
720,松嫩,1616,1644,Q6700,后金,2,,,,
720,松嫩,1644,1912,Q6710,清,1,,,,皇太极改国号为清，多尔衮入关。
720,松嫩,1912,1931,C7200,中华民国,1,,,,辛亥革命推翻清朝，孙中山/袁世凯建立。
720,松嫩,1931,1945,T7995,伪满洲国,,,,,
720,松嫩,1945,1949,C7200,中华民国,1,,,,辛亥革命推翻清朝，孙中山/袁世凯建立。
720,松嫩,1949,2025,C7110,中华人民共和国,1,,,,毛泽东领导中共建立，定都北京。
730,辽西,-1500,-664,F1705,孤竹,,,,,
730,辽西,-1045,-280,F1710,箕子朝鲜,,,,,
730,辽西,-664,-226,R1151,燕,,,,,
730,辽西,-226,-222,R1150,秦,2,,,,非子牧马有功受封，逐步崛起。
730,辽西,-222,-209,C2100,秦,1,,,,秦始皇灭六国，建立帝制。
730,辽西,-209,-205,T2107,燕(秦末),,,,,
730,辽西,-205,9,C2110,西汉,1,,,,刘邦在楚汉战争获胜建立。
730,辽西,9,23,T2190,新,,,,,王莽篡权建立。
730,辽西,25,187,C2120,东汉,1,,,,刘秀（光武帝）起兵推翻新莽建立。
730,辽西,187,207,T2520,乌桓,,,,,
730,辽西,207,266,R3100,曹魏,2,,,,曹丕受汉禅建立，定都洛阳。
730,辽西,266,285,C3110,西晋,1,,,,司马炎受魏禅建立，灭吴统一。
730,辽西,285,337,Q3705,慕容鲜卑,,,,,
730,辽西,337,370,Q3710,前燕,,,,,鲜卑慕容皝称王，慕容儁称帝入主中原。
730,辽西,370,384,Q3620,前秦,,,,,氐族苻健称帝，苻坚任用王猛曾统一北方。
730,辽西,384,407,Q3711,后燕,,,,,
730,辽西,407,436,Q3715,北燕,,,,,
730,辽西,436,534,Q3700,北魏,2,,,,鲜卑拓跋珪建国，统一北方，孝文帝汉化。
730,辽西,534,550,Q3720,东魏,2,,,,高欢拥立孝静帝，权臣专政。
730,辽西,550,577,Q3722,北齐,2,,,,高洋受东魏禅让建立，高氏掌权。
730,辽西,577,618,C4100,隋,1,,,,杨坚受北周禅让建立，灭陈统一全国。
730,辽西,618,690,C4110,唐,1,,,,李渊晋阳起兵，受隋禅让建立。
730,辽西,690,698,T4190,武周,,,,,武则天代唐称帝，中国唯一女皇。
730,辽西,698,703,N4603,后突厥,,,,,
730,辽西,703,705,T4190,武周,,,,,武则天代唐称帝，中国唯一女皇。
730,辽西,705,907,C4110,唐,1,,,,李渊晋阳起兵，受隋禅让建立。
730,辽西,911,1122,Q5700,辽,2,,,,耶律阿保机统一契丹各部建立。
730,辽西,1122,1234,Q5710,金,2,,,,完颜阿骨打起兵抗辽建立。
730,辽西,1234,1271,N5600,蒙古帝国,2,,,,铁木真（成吉思汗）统一蒙古诸部。
730,辽西,1271,1368,Q5610,元,1,,,,忽必烈改国号为大元，灭宋统一。
730,辽西,1368,1370,N6600,北元,,,,,
730,辽西,1370,1644,C6200,明,1,,,,朱元璋参加红巾军起义，驱逐胡虏建立。
730,辽西,1644,1912,Q6710,清,1,,,,皇太极改国号为清，多尔衮入关。
730,辽西,1912,1931,C7200,中华民国,1,,,,辛亥革命推翻清朝，孙中山/袁世凯建立。
730,辽西,1931,1945,T7995,伪满洲国,,,,,
730,辽西,1945,1948,C7200,中华民国,1,,,,辛亥革命推翻清朝，孙中山/袁世凯建立。
730,辽西,1949,2025,C7110,中华人民共和国,1,,,,毛泽东领导中共建立，定都北京。
740,辽东,-400,-280,F1710,箕子朝鲜,,,,,
740,辽东,-280,-222,R1151,燕,,,,,
740,辽东,-222,-209,C2100,秦,1,,,,秦始皇灭六国，建立帝制。
740,辽东,-209,-195,T2107,燕(秦末),,,,,
740,辽东,-191,-109,F2810,卫满朝鲜,,,,,
740,辽东,-195,9,C2110,西汉,1,,,,刘邦在楚汉战争获胜建立。
740,辽东,9,23,T2190,新,,,,,王莽篡权建立。
740,辽东,12,668,F2750,高句丽,2,,,,朱蒙建立，据鸭绿江流域，抗击隋唐。
740,辽东,29,190,C2120,东汉,1,,,,刘秀（光武帝）起兵推翻新莽建立。
740,辽东,190,238,T3705,公孙度,,,,,
740,辽东,238,266,R3100,曹魏,2,,,,曹丕受汉禅建立，定都洛阳。
740,辽东,266,319,C3110,西晋,1,,,,司马炎受魏禅建立，灭吴统一。
740,辽东,319,337,Q3705,慕容鲜卑,,,,,
740,辽东,337,370,Q3710,前燕,,,,,鲜卑慕容皝称王，慕容儁称帝入主中原。
740,辽东,370,385,Q3620,前秦,,,,,氐族苻健称帝，苻坚任用王猛曾统一北方。
740,辽东,385,405,Q3711,后燕,,,,,
740,辽东,668,881,F4750,安东都护府,,C4110,唐,J,
740,辽东,713,926,F4700,渤海,2,,,,
740,辽东,903,1117,Q5700,辽,2,,,,耶律阿保机统一契丹各部建立。
740,辽东,1117,1214,Q5710,金,2,,,,完颜阿骨打起兵抗辽建立。
740,辽东,1214,1234,R5720,东辽,,,,,
740,辽东,1234,1271,N5600,蒙古帝国,2,,,,铁木真（成吉思汗）统一蒙古诸部。
740,辽东,1271,1368,Q5610,元,1,,,,忽必烈改国号为大元，灭宋统一。
740,辽东,1368,1371,N6600,北元,,,,,
740,辽东,1371,1621,C6200,明,1,,,,朱元璋参加红巾军起义，驱逐胡虏建立。
740,辽东,1621,1644,Q6700,后金,2,,,,
740,辽东,1644,1912,Q6710,清,1,,,,皇太极改国号为清，多尔衮入关。
740,辽东,1912,1931,C7200,中华民国,1,,,,辛亥革命推翻清朝，孙中山/袁世凯建立。
740,辽东,1931,1945,T7995,伪满洲国,,,,,
740,辽东,1945,1948,C7200,中华民国,1,,,,辛亥革命推翻清朝，孙中山/袁世凯建立。
740,辽东,1949,2025,C7110,中华人民共和国,1,,,,毛泽东领导中共建立，定都北京。
810,朝鲜西北,-280,-194,F1710,箕子朝鲜,,,,,
810,朝鲜西北,-194,-108,F2810,卫满朝鲜,,,,,
810,朝鲜西北,-108,9,C2110,西汉,1,,,,刘邦在楚汉战争获胜建立。
810,朝鲜西北,9,23,T2190,新,,,,,王莽篡权建立。
810,朝鲜西北,23,30,T2810,王调,,,,,
810,朝鲜西北,30,196,C2120,东汉,1,,,,刘秀（光武帝）起兵推翻新莽建立。
810,朝鲜西北,196,238,T3705,公孙度,,,,,
810,朝鲜西北,238,266,R3100,曹魏,2,,,,曹丕受汉禅建立，定都洛阳。
810,朝鲜西北,266,313,C3110,西晋,1,,,,司马炎受魏禅建立，灭吴统一。
810,朝鲜西北,313,355,T3850,乐浪自治,,,,,
810,朝鲜西北,355,668,F2750,高句丽,2,,,,朱蒙建立，据鸭绿江流域，抗击隋唐。
810,朝鲜西北,668,881,F4750,安东都护府,,C4110,唐,J,
810,朝鲜西北,735,901,F3800,新罗,,C4110,唐,V,金氏王朝，联合唐朝统一朝鲜半岛。
810,朝鲜西北,881,926,F4700,渤海,2,,,,
810,朝鲜西北,901,918,F4820,后高句丽,,,,,
810,朝鲜西北,903,923,Q5700,辽,2,,,,耶律阿保机统一契丹各部建立。
810,朝鲜西北,918,1125,F5800,高丽,,Q5700,辽,V,王建建立，尊崇佛教，抗击蒙古。
810,朝鲜西北,1125,1234,F5800,高丽,,Q5710,金,V,王建建立，尊崇佛教，抗击蒙古。
810,朝鲜西北,1234,1269,F5800,高丽,,,,,王建建立，尊崇佛教，抗击蒙古。
810,朝鲜西北,1269,1271,N5600,蒙古帝国,2,,,,铁木真（成吉思汗）统一蒙古诸部。
810,朝鲜西北,1271,1290,Q5610,元,1,,,,忽必烈改国号为大元，灭宋统一。
810,朝鲜西北,1290,1356,F5810,征东行省,,Q5610,元,J,
810,朝鲜西北,1356,1392,F5800,高丽,,,,,王建建立，尊崇佛教，抗击蒙古。
810,朝鲜西北,1392,1644,F6800,朝鲜王朝,,C6200,明,V,
810,朝鲜西北,1644,1897,F6800,朝鲜王朝,,,,,
810,朝鲜西北,1897,1910,F6810,大韩帝国,,,,,
810,朝鲜西北,1910,1945,T7950,日据时期,,,,,
810,朝鲜西北,1945,1948,T7050,苏联军管,,,,,
810,朝鲜西北,1948,2025,F7830,朝鲜,,,,,
820,朝鲜东北,-280,98,N2840,沃沮/东濊,,,,,
820,朝鲜东北,-179,-108,F2810,卫满朝鲜,,,,,
820,朝鲜东北,-108,9,C2110,西汉,1,,,,刘邦在楚汉战争获胜建立。
820,朝鲜东北,9,23,T2190,新,,,,,王莽篡权建立。
820,朝鲜东北,23,30,T2810,王调,,,,,
820,朝鲜东北,30,118,C2120,东汉,1,,,,刘秀（光武帝）起兵推翻新莽建立。
820,朝鲜东北,56,668,F2750,高句丽,2,,,,朱蒙建立，据鸭绿江流域，抗击隋唐。
820,朝鲜东北,245,266,R3100,曹魏,2,,,,曹丕受汉禅建立，定都洛阳。
820,朝鲜东北,266,313,C3110,西晋,1,,,,司马炎受魏禅建立，灭吴统一。
820,朝鲜东北,551,655,F3800,新罗,,,,,金氏王朝，联合唐朝统一朝鲜半岛。
820,朝鲜东北,668,721,F4750,安东都护府,,C4110,唐,J,
820,朝鲜东北,670,901,F3800,新罗,,C4110,唐,V,金氏王朝，联合唐朝统一朝鲜半岛。
820,朝鲜东北,713,926,F4700,渤海,2,,,,
820,朝鲜东北,901,918,F4820,后高句丽,,,,,
820,朝鲜东北,918,1287,F5800,高丽,,,,,王建建立，尊崇佛教，抗击蒙古。
820,朝鲜东北,926,1117,Q5700,辽,2,,,,耶律阿保机统一契丹各部建立。
820,朝鲜东北,1117,1234,Q5710,金,2,,,,完颜阿骨打起兵抗辽建立。
820,朝鲜东北,1215,1234,R5721,东夏,,,,,
820,朝鲜东北,1234,1271,N5600,蒙古帝国,2,,,,铁木真（成吉思汗）统一蒙古诸部。
820,朝鲜东北,1271,1368,Q5610,元,1,,,,忽必烈改国号为大元，灭宋统一。
820,朝鲜东北,1287,1356,F5810,征东行省,,Q5610,元,J,
820,朝鲜东北,1368,1388,N6600,北元,,,,,
820,朝鲜东北,1356,1392,F5800,高丽,,,,,王建建立，尊崇佛教，抗击蒙古。
820,朝鲜东北,1392,1644,F6800,朝鲜王朝,,C6200,明,V,
820,朝鲜东北,1644,1897,F6800,朝鲜王朝,,,,,
820,朝鲜东北,1897,1910,F6810,大韩帝国,,,,,
820,朝鲜东北,1910,1945,T7950,日据时期,,,,,
820,朝鲜东北,1945,1948,T7050,苏联军管,,,,,
820,朝鲜东北,1948,2025,F7830,朝鲜,,,,,
830,朝鲜中西,-179,-108,F2810,卫满朝鲜,,,,,
830,朝鲜中西,-108,-82,C2110,西汉,1,,,,刘邦在楚汉战争获胜建立。
830,朝鲜中西,-82,250,N2820,马韩,,,,,
830,朝鲜中西,250,475,F3810,百济,,,,,扶余人南下建立，与日本关系密切。
830,朝鲜中西,475,551,F2750,高句丽,2,,,,朱蒙建立，据鸭绿江流域，抗击隋唐。
830,朝鲜中西,551,555,F3810,百济,,,,,扶余人南下建立，与日本关系密切。
830,朝鲜中西,555,663,F3800,新罗,,,,,金氏王朝，联合唐朝统一朝鲜半岛。
830,朝鲜中西,663,670,F4860,鸡林州都督府,,C4110,唐,J,
830,朝鲜中西,670,901,F3800,新罗,,C4110,唐,V,金氏王朝，联合唐朝统一朝鲜半岛。
830,朝鲜中西,901,918,F4820,后高句丽,,,,,
830,朝鲜中西,918,1125,F5800,高丽,,Q5700,辽,V,王建建立，尊崇佛教，抗击蒙古。
830,朝鲜中西,1125,1234,F5800,高丽,,Q5710,金,V,王建建立，尊崇佛教，抗击蒙古。
830,朝鲜中西,1234,1287,F5800,高丽,,,,,王建建立，尊崇佛教，抗击蒙古。
830,朝鲜中西,1287,1356,F5810,征东行省,,Q5610,元,J,
830,朝鲜中西,1356,1392,F5800,高丽,,,,,王建建立，尊崇佛教，抗击蒙古。
830,朝鲜中西,1392,1644,F6800,朝鲜王朝,,C6200,明,V,
830,朝鲜中西,1644,1897,F6800,朝鲜王朝,,,,,
830,朝鲜中西,1897,1910,F6810,大韩帝国,,,,,
830,朝鲜中西,1910,1945,T7950,日据时期,,,,,
830,朝鲜中西,1945,1948,T7060,美国军管,,,,,二战后GHQ占领统治。
830,朝鲜中西,1948,2025,F7820,韩国,,,,,二战后在朝鲜半岛南部建立。
840,朝鲜西南,-300,-82,N2800,辰,,,,,
840,朝鲜西南,-82,369,N2820,马韩,,,,,
840,朝鲜西南,301,660,F3810,百济,,,,,扶余人南下建立，与日本关系密切。
840,朝鲜西南,660,672,F4850,熊津都督府,,C4110,唐,J,
840,朝鲜西南,672,900,F3800,新罗,,C4110,唐,V,金氏王朝，联合唐朝统一朝鲜半岛。
840,朝鲜西南,841,936,R4820,后百济,,,,,
840,朝鲜西南,918,1125,F5800,高丽,,Q5700,辽,V,王建建立，尊崇佛教，抗击蒙古。
840,朝鲜西南,1125,1234,F5800,高丽,,Q5710,金,V,王建建立，尊崇佛教，抗击蒙古。
840,朝鲜西南,1234,1287,F5800,高丽,,,,,王建建立，尊崇佛教，抗击蒙古。
840,朝鲜西南,1287,1356,F5810,征东行省,,Q5610,元,J,
840,朝鲜西南,1356,1392,F5800,高丽,,,,,王建建立，尊崇佛教，抗击蒙古。
840,朝鲜西南,1392,1644,F6800,朝鲜王朝,,C6200,明,V,
840,朝鲜西南,1644,1897,F6800,朝鲜王朝,,,,,
840,朝鲜西南,1897,1910,F6810,大韩帝国,,,,,
840,朝鲜西南,1910,1945,T7950,日据时期,,,,,
840,朝鲜西南,1945,1948,T7060,美国军管,,,,,二战后GHQ占领统治。
840,朝鲜西南,1948,2025,F7820,韩国,,,,,二战后在朝鲜半岛南部建立。
850,朝鲜东南,-300,-82,N2800,辰,,,,,
850,朝鲜东南,-179,-108,F2810,卫满朝鲜,,,,,
850,朝鲜东南,-108,9,C2110,西汉,1,,,,刘邦在楚汉战争获胜建立。
850,朝鲜东南,9,23,T2190,新,,,,,王莽篡权建立。
850,朝鲜东南,23,30,T2810,王调,,,,,
850,朝鲜东南,30,118,C2120,东汉,1,,,,刘秀（光武帝）起兵推翻新莽建立。
850,朝鲜东南,118,245,F2750,高句丽,2,,,,朱蒙建立，据鸭绿江流域，抗击隋唐。
850,朝鲜东南,245,266,R3100,曹魏,2,,,,曹丕受汉禅建立，定都洛阳。
850,朝鲜东南,266,313,C3110,西晋,1,,,,司马炎受魏禅建立，灭吴统一。
850,朝鲜东南,313,551,F2750,高句丽,2,,,,朱蒙建立，据鸭绿江流域，抗击隋唐。
850,朝鲜东南,-82,301,N2830,辰韩,,,,,
850,朝鲜东南,-82,301,N2831,弁韩,,,,,
850,朝鲜东南,301,562,N3835,新罗,,,,,
850,朝鲜东南,301,562,N3836,伽倻,,,,,
850,朝鲜东南,562,663,F3800,新罗,,,,,金氏王朝，联合唐朝统一朝鲜半岛。
850,朝鲜东南,663,670,F4860,鸡林州都督府,,C4110,唐,J,
850,朝鲜东南,670,935,F3800,新罗,,C4110,唐,V,金氏王朝，联合唐朝统一朝鲜半岛。
850,朝鲜东南,901,918,F4820,后高句丽,,,,,
850,朝鲜东南,918,1125,F5800,高丽,,Q5700,辽,V,王建建立，尊崇佛教，抗击蒙古。
850,朝鲜东南,1125,1234,F5800,高丽,,Q5710,金,V,王建建立，尊崇佛教，抗击蒙古。
850,朝鲜东南,1234,1287,F5800,高丽,,,,,王建建立，尊崇佛教，抗击蒙古。
850,朝鲜东南,1287,1356,F5810,征东行省,,Q5610,元,J,
850,朝鲜东南,1356,1392,F5800,高丽,,,,,王建建立，尊崇佛教，抗击蒙古。
850,朝鲜东南,1392,1644,F6800,朝鲜王朝,,C6200,明,V,
850,朝鲜东南,1644,1897,F6800,朝鲜王朝,,Q6710,清,V,
850,朝鲜东南,1897,1910,F6810,大韩帝国,,,,,
850,朝鲜东南,1910,1945,T7950,日据时期,,,,,
850,朝鲜东南,1945,1948,T7060,美国军管,,,,,
850,朝鲜东南,1948,2025,F7820,韩国,,,,,二战后在朝鲜半岛南部建立。
910,九州,-300,57,F1900,倭人诸国,,,,,
910,九州,57,230,F2900,奴国,,,,,
910,九州,180,300,F2910,邪马台,,,,,卑弥呼女王统治，与曹魏通交。
910,九州,220,280,F2920,狗奴国,,,,,
910,九州,300,592,F3900,古坟时代,,,,,大和王权建立，建造巨大前方后圆坟。
910,九州,592,710,F3910,飞鸟时代,,,,,推古天皇、圣德太子改革，引入佛教。
910,九州,710,794,F4900,奈良时代,,,,,定都平城京，律令制国家顶峰。
910,九州,794,1185,F4910,平安时代,,,,,迁都平安京，贵族政治，后期武士崛起。
910,九州,1185,1333,F5900,镰仓幕府,,,,,源赖朝建立，首个武家政权。
910,九州,1333,1336,T5905,建武新政,,,,,菊池武时奉旨讨幕，少贰/大友响应，镇西探题灭亡
910,九州,1336,1359,F5910,室町幕府,,,,,幕府派驻一色范氏，但无法压制南朝，博多陷落
910,九州,1348,1372,F5920,征西府(南朝),,,,,怀良亲王建立的独立政权，受明朝册封，压制北朝
910,九州,1372,1493,F5910,室町幕府,,,,,今川了俊通过谋略与军事彻底平定九州，终结征西府
910,九州,1493,1551,F6925,大内氏,,,,,本州霸主，控制博多贸易与北九州，压制少贰
910,九州,1493,1586,F6935,大友氏,,,,,丰后王，切支丹大名，控制北九州，与大内/岛津争霸
910,九州,1493,1587,F6940,岛津氏,,,,,萨摩隼人，统一南九州，北上争霸
910,九州,1576,1584,F6945,龙造寺氏,,,,,肥前之熊，五州二岛太守，冲田畷之战后衰落
910,九州,1587,1600,F6905,安土桃山时代,,,,,丰臣秀吉九州征伐，定分封
910,九州,1600,1603,F6960,德川氏,,,,,移封关东八州
910,九州,1603,1868,F6910,江户幕府,,,,,设长崎奉行，各藩分治
910,九州,1868,1945,F7900,日本帝国,,,,,明治维新后建立，推行近代化与扩张。
910,九州,1945,1952,T7060,美国军管,,,,,二战后GHQ占领统治。
910,九州,1952,2025,F7910,日本国,,,,,二战战败后建立，和平宪法。
920,西国,250,592,F3900,古坟时代,,,,,治部体制，核心在近畿，影响力覆盖西日本
920,西国,592,710,F3910,飞鸟时代,,,,,佛教公传，中央集权起步
920,西国,710,794,F4900,奈良时代,,,,,律令制鼎盛，国郡里制确立
920,西国,794,1185,F4910,平安时代,,,,,平氏政权（六波罗）实际控制西国
920,西国,1185,1333,F5905,镰仓朝廷,,,,,承久之乱后，幕府设六波罗探题监管西国
920,西国,1333,1336,T5905,建武新政,,,,,后醍醐天皇亲政，二条河原落书，政治混乱
920,西国,1336,1392,T5925,室町南朝,,,,,大觉寺统，四次攻入京都，与北朝对峙
920,西国,1336,1467,F5910,室町幕府,,,,,北朝法统，足利氏设花之御所于京都，三管四职体系
920,西国,1467,1477,F6970,细川氏,,,,,
920,西国,1467,1477,F6975,山名氏,,,,,
920,西国,1477,1493,F5910,室町幕府,,,,,北朝法统，足利氏设花之御所于京都，三管四职体系
920,西国,1493,1549,F5940,细川政权,,,,,控制京畿，架空将军
920,西国,1493,1512,F6975,山名氏,,,,,
920,西国,1512,1562,F6995,尼子氏,,,,,出云之鹿，与毛利争霸。
920,西国,1493,1551,F6925,大内氏,,,,,西国之王，控制中国地方及海路，文化/贸易极盛(大内文化)
920,西国,1549,1582,F5955,三好政权,,,,,第一个天下人，畿内行政权
920,西国,1557,1585,F5960,毛利氏,,,,,两川体制，击败尼子/大内，称霸山阳山阴，不仅是西国霸主，更是反信长包围网核心
920,西国,1568,1603,F6905,安土桃山时代,,,,,安土桃山时代，织田信长/丰臣秀吉，旧公家势力彻底边缘化
920,西国,1603,1868,F6915,江户朝廷,,,,,禁中并公家诸法度，京都所司代严密监管，天皇仅余祭祀权
920,西国,1868,1945,F7900,日本帝国,,,,,明治维新后建立，推行近代化与扩张。
920,西国,1945,1952,T7060,美国军管,,,,,占领军
920,西国,1952,2025,F7910,日本国,,,,,关西/中国/四国地区
930,东国,300,592,F3900,古坟时代,,,,,毛野国等东国豪族融入
930,东国,592,710,F3910,飞鸟时代,,,,,律令制国家，设关所区分东国
930,东国,710,794,F4900,奈良时代,,,,,律令制国家，设关所区分东国
930,东国,794,1185,F4910,平安时代,,,,,律令制国家，设关所区分东国
930,东国,1185,1333,F5900,镰仓幕府,,,,,东国武士团的自治政权
930,东国,1333,1336,T5905,建武新政,,,,,镰仓将军府，成良亲王坐镇，实权在足利直义
930,东国,1336,1349,F5910,室町幕府,,,,,足利尊氏留守关东时期，后设立镰仓府
930,东国,1349,1438,F5930,镰仓府,,,,,东国小幕府，统辖关东十国，逐步与京都对立(享德之乱)
930,东国,1438,1449,F5910,室町幕府,,,,,足利尊氏留守关东时期，后设立镰仓府
930,东国,1449,1455,F5930,镰仓府,,,,,东国小幕府，统辖关东十国，逐步与京都对立(享德之乱)
930,东国,1455,1493,F6930,古河公方,,,,,足利成氏，享德之乱后建立的东国正统，但领土日削
930,东国,1455,1585,F5965,上杉氏,,,,,甲越双雄。武田信玄(甲斐)与上杉谦信(越后)的长期争霸，代表了东国中部的最高武力
930,东国,1455,1568,F5945,今川氏,,,,,东海第一弓取，控制骏/远/三，拥有高超的领国经营法
930,东国,1491,1590,F6950,后北条氏,,,,,相模之狮，五代经营，逐步吞并关东，建立独立国家
930,东国,1530,1582,F5970,武田氏,,,,,甲越双雄。武田信玄(甲斐)与上杉谦信(越后)的长期争霸，代表了东国中部的最高武力
930,东国,1568,1600,F6905,安土桃山时代,,,,,安土桃山时代，织田信长/丰臣秀吉，旧公家势力彻底边缘化
930,东国,1600,1603,F6960,德川氏,,,,,移封关东八州
930,东国,1603,1868,F6910,江户幕府,,,,,德川家康开府，日本实质政治中心彻底东移
930,东国,1868,1945,F7900,日本帝国,,,,,明治维新后建立，推行近代化与扩张。
930,东国,1945,1952,T7060,美国军管,,,,,二战后GHQ占领统治。
930,东国,1952,2025,F7910,日本国,,,,,首都圈/中部地区
940,奥羽,300,1070,N3900,虾夷,,,,,阿特利，持续抵抗大和扩张的土著部族
940,奥羽,710,794,F4900,奈良时代,,,,,律令制国家，设关所区分东国
940,奥羽,794,1050,F4910,平安时代,,,,,坂上田村麻罗征讨，设镇守府
940,奥羽,1050,1087,F5980,安倍/清原氏,,,,,前九年/后三年之役，豪族割据
940,奥羽,1087,1189,F5985,奥州藤原氏,,,,,平泉黄金文化，实质独立王国
940,奥羽,1189,1333,F5900,镰仓幕府,,,,,设奥州总奉行直接管辖
940,奥羽,1333,1336,T5905,建武新政,,,,,陆奥将军府，义良亲王+北畠显家，最强保皇派据点
940,奥羽,1336,1351,F5910,室町幕府,,,,,斯波氏/大崎氏出任探题，南朝势力转入地下
940,奥羽,1336,1391,F5975,出羽国(南朝),,,,,
940,奥羽,1391,1438,F5930,镰仓府,,,,,东国小幕府，统辖关东十国，逐步与京都对立(享德之乱)
940,奥羽,1438,1449,F5910,室町幕府,,,,,斯波氏/大崎氏出任探题，南朝势力转入地下
940,奥羽,1449,1485,F5930,镰仓府,,,,,东国小幕府，统辖关东十国，逐步与京都对立(享德之乱)
940,奥羽,1485,1590,F6980,南部氏,,,,,陆奥北部霸主，领土广阔
940,奥羽,1485,1590,F6982,伊达氏,,,,,陆奥南部强豪，政宗时期达到顶峰
940,奥羽,1485,1590,F6984,芦名/最上,,,,,会津与出羽的割据势力
940,奥羽,1590,1600,F6905,安土桃山时代,,,,,九州征伐，国割
940,奥羽,1600,1603,F6960,德川氏,,,,,移封关东八州
940,奥羽,1603,1868,F6910,江户幕府,,,,,奥州仕置，伊达政宗等降服，纳入幕藩体制
940,奥羽,1868,1945,F7900,日本帝国,,,,,明治维新后建立，推行近代化与扩张。
940,奥羽,1945,1952,T7060,美国军管,,,,,二战后GHQ占领统治。
940,奥羽,1952,2025,F7910,日本国,,,,,二战战败后建立，和平宪法。
950,北海道,600,1000,N4900,鄂霍次克部落,,,,,来自库页岛的北方海洋民族，以网走/知床为中心，从事捕鲸与远洋贸易，压制擦文人
950,北海道,1000,1457,N5900,擦文/阿伊努部落,,,,,阿伊努文化形成期。鄂霍次克人衰退后，擦文文化北进，形成以村落为基础的社会
950,北海道,1457,1590,F6990,道南十二馆,,,,,和人豪族据点
950,北海道,1590,1799,F6955,松前藩,,,,,
950,北海道,1799,1821,F6910,江户幕府,,,,,德川家康建立，闭关锁国200年。
950,北海道,1821,1855,F6955,松前藩,,,,,
950,北海道,1855,1868,F6910,江户幕府,,,,,德川家康建立，闭关锁国200年。
950,北海道,1868,1869,T6950,虾夷共和国,,,,,
950,北海道,1869,1945,F7900,日本帝国,,,,,明治维新后建立，推行近代化与扩张。
950,北海道,1945,1952,T7060,美国军管,,,,,
950,北海道,1952,2025,F7910,日本国,,,,,二战战败后建立，和平宪法。
960,琉球,1187,1314,F5950,舜天/英祖,,,,,
960,琉球,1314,1429,F6985,三山时代,,,,,
960,琉球,1429,1609,F6920,琉球国,,,,,
960,琉球,1609,1872,F6920,琉球国,,Q6710|F6900,清|江户幕府,V|J,己酉萨摩侵略，沦为从属国。表面奉清正朔，实控权在江户幕府
960,琉球,1872,1945,F7900,日本帝国,,,,,明治维新后建立，推行近代化与扩张。
960,琉球,1945,1972,T7060,美国军管,,,,,
960,琉球,1972,2025,F7910,日本国,,,,,二战战败后建立，和平宪法。